id,street_number,street_name,city,province,postal_code
1,09625,Browning,Asbestos,QC,J1T
2,36,Lakeland,Richmond,QC,V6Z
3,02315,Graedel,Cookshire-Eaton,QC,M4C
4,042,Sycamore,Saint-Ambroise,QC,G7P
5,0,Hudson,Beaconsfield,QC,H9W
6,06,Birchwood,Alma,QC,N6J
7,5106,Pepper Wood,Labelle,QC,N2L
8,5,Bartelt,Maskinongé,QC,T7A
9,27,Oriole,Baie-D'Urfé,QC,H9X
10,9,Hagan,East Angus,QC,N2B
11,11,Beilfuss,Ferme-Neuve,QC,V5Y
12,704,Lyons,Saint-Jérôme,QC,J7Z
13,9245,Stephen,Lavaltrie,QC,J5T
14,2,Carberry,Alma,QC,N6J
15,4172,Scofield,Cookshire-Eaton,QC,M4C
16,91,Raven,Normandin,QC,G0H
17,83356,Farmco,Delson,QC,J5B
18,5168,Summerview,East Angus,QC,N2B
19,6220,Autumn Leaf,Sainte-Marthe-sur-le-Lac,QC,H9K
20,8,Drewry,Ferme-Neuve,QC,V5Y
21,97366,Rieder,Mirabel,QC,J5K
22,8,Calypso,Saint-Raymond,QC,G3L
23,15,Gina,Sainte-Anne-des-Plaines,QC,J4X
24,06,Armistice,Sainte-Anne-des-Plaines,QC,J4X
25,7,Caliangt,Asbestos,QC,J1T
26,85,Waywood,Barraute,QC,P0M
27,1876,Briar Crest,Richmond,QC,V6Z
28,16,Gina,Adstock,QC,G0N
29,3134,Hagan,Havre-Saint-Pierre,QC,H4R
30,94400,Artisan,Bromont,QC,J2L
31,8319,Green,Bécancour,QC,G9H
32,1,Rockefeller,Richmond,QC,V6Z
33,26405,Sage,Mont-Tremblant,QC,J8E
34,811,Golden Leaf,Fermont,QC,J1E
35,46,Roth,Lacolle,QC,E5A
36,9720,Gina,Les Cèdres,QC,J6S
37,670,Oak Valley,Asbestos,QC,J1T
38,6,Golf,Beloeil,QC,J3H
39,3807,Mandrake,Montréal-Ouest,QC,H5B
40,8,Jana,Napierville,QC,M2N
41,02,Kings,Pont-Rouge,QC,G3H
42,4,Beilfuss,Kingsey Falls,QC,T8H
43,60,Portage,Donnacona,QC,G3M
44,53,Morning,Adstock,QC,G0N
45,07,Lakewood Gardens,Sainte-Sophie,QC,J5J
46,66222,Thierer,Princeville,QC,J1J
47,192,Prairie Rose,Fermont,QC,J1E
48,686,Boyd,La Sarre,QC,J9Z
49,52,8th,Amos,QC,J9T
50,4268,South,Sainte-Martine,QC,A1C
51,1583,Prairie Rose,Saint-Jérôme,QC,J7Z
52,3625,Kinsman,Bécancour,QC,G9H
53,91,Parkside,Québec,QC,G6W
54,252,Little Fleur,Joliette,QC,J6E
55,1568,Warrior,Charlemagne,QC,J6V
56,592,Chive,Mascouche,QC,J6W
57,627,Sunbrook,Jonquière,QC,G7Y
58,42882,Express,Papineauville,QC,G5N
59,98397,Schlimgen,Dorval,QC,H9S
60,485,Scofield,Alma,QC,N6J
61,9,Nobel,Daveluyville,QC,R3P
62,87,Mcbride,Longueuil,QC,J4W
63,16,Holmberg,Prévost,QC,T7Z
64,458,South,Bedford,QC,J6W
65,68201,Sauthoff,Cookshire-Eaton,QC,M4C
66,37533,Brown,Saint-Raymond,QC,G3L
67,7957,Del Mar,Cabano,QC,T9H
68,73,John Wall,Carleton-sur-Mer,QC,P0T
69,94942,Vernon,Adstock,QC,G0N
70,870,Dorton,Danville,QC,J0A
71,85706,Vera,Saint-Tite,QC,G8B
72,739,Red Cloud,Montréal-Est,QC,J4N
73,318,Debra,East Angus,QC,N2B
74,95,Shopko,Nicolet,QC,J3T
75,593,Sugar,Ormstown,QC,J0S
76,56,Pond,Saint-Sauveur,QC,J0R
77,626,Red Cloud,New-Richmond,QC,J7R
78,9,Coleman,New-Richmond,QC,J7R
79,90025,Arrowood,Saint-Joseph-de-Coleraine,QC,N2E
80,6,Sage,Baie-Comeau,QC,K1M
81,996,Merchant,Rimouski,QC,G5N
82,1909,Gale,Repentigny,QC,J6V
83,616,Twin Pines,Ferme-Neuve,QC,V5Y
84,14599,Oak Valley,Forestville,QC,G2B
85,570,Jenna,Malartic,QC,X0G
86,2019,West,Laval,QC,H7S
87,13,Lindbergh,Macamic,QC,V6N
88,139,Hoepker,Cabano,QC,T9H
89,2511,Quincy,Boisbriand,QC,J7G
90,4,Little Fleur,Blainville,QC,J7J
91,942,Dryden,Laval,QC,H7S
92,446,Crownhardt,Saint-Jérôme,QC,J7Z
93,78247,Tomscot,Sainte-Agathe-des-Monts,QC,J8C
94,2,Bay,Chambly,QC,J3L
95,91,Vermont,Jonquière,QC,G7Y
96,8,Oneill,Beauharnois,QC,J6N
97,35811,Bartillon,Boisbriand,QC,J7G
98,27,Saint Paul,Joliette,QC,J6E
99,91043,Arapahoe,Malartic,QC,X0G
100,0729,Crescent Oaks,Baie-Saint-Paul,QC,G3Z
101,08,Scott,Cap-Santé,QC,N0H
102,450,Packers,Laval,QC,H7S
103,2482,Artisan,Farnham,QC,J2N
104,63,Stoughton,Cookshire-Eaton,QC,M4C
105,0130,Bluejay,Mont-Joli,QC,G5H
106,8555,Carberry,Saint-Joseph-de-Coleraine,QC,N2E
107,142,Trailsway,Lebel-sur-Quévillon,QC,N2A
108,1,Wayridge,Kirkland,QC,H9J
109,49806,Harbort,L'Épiphanie,QC,J5X
110,00768,Sachtjen,Cap-Santé,QC,N0H
111,83414,Linden,Delson,QC,J5B
112,58499,Memorial,Mercier,QC,J6R
113,12,Hermina,Mercier,QC,J6R
114,52465,Vahlen,Saint-Ambroise,QC,G7P
115,274,Barnett,New-Richmond,QC,J7R
116,26209,Bluejay,Barraute,QC,P0M
117,4500,Rusk,Côte-Saint-Luc,QC,H7V
118,1,Service,Longueuil,QC,J4W
119,8817,Shoshone,Farnham,QC,J2N
120,8881,Hoepker,L'Assomption,QC,J5W
121,8,Nancy,Saint-Joseph-de-Coleraine,QC,N2E
122,92,Annamark,Daveluyville,QC,R3P
123,8287,Helena,Sainte-Sophie,QC,J5J
124,902,Maywood,Lévis,QC,G6W
125,7856,Dovetail,Cap-Santé,QC,N0H
126,60,Northland,Dollard-Des Ormeaux,QC,H9P
127,6588,Parkside,Magog,QC,J1X
128,05,Gale,Mont-Royal,QC,H5B
129,5600,Prairie Rose,Havre-Saint-Pierre,QC,H4R
130,57422,Main,Nicolet,QC,J3T
131,6181,Lakeland,Baie-Comeau,QC,K1M
132,8,Sheridan,Otterburn Park,QC,L6G
133,82,Hayes,Chambly,QC,J3L
134,3,Warner,Rivière-du-Loup,QC,G5R
135,81,Mockingbird,Chambly,QC,J3L
136,4,Comanche,Delson,QC,J5B
137,55,Nelson,East Angus,QC,N2B
138,47408,Buell,Cap-Santé,QC,N0H
139,258,Washington,Charlemagne,QC,J6V
140,77,Anhalt,Saint-Augustin,QC,G5J
141,32947,Holy Cross,Sainte-Marthe-sur-le-Lac,QC,H9K
142,91,Continental,Notre-Dame-de-l'Île-Perrot,QC,H9X
143,44186,West,Sainte-Anne-des-Monts,QC,L8P
144,3406,Manley,Mont-Royal,QC,H5B
145,7,Anzinger,Sainte-Thérèse,QC,J7G
146,313,Kedzie,Saint-Sauveur,QC,J0R
147,33627,Ryan,Trois-Rivières,QC,L8J
148,2,Reindahl,Macamic,QC,V6N
149,3589,Linden,Magog,QC,J1X
150,726,Fairfield,Kirkland,QC,H9J
151,34773,Manitowish,Matagami,QC,N2M
152,55,Sutteridge,L'Assomption,QC,J5W
153,71,Forest Dale,Mont-Tremblant,QC,J8E
154,1352,Ridgeview,Lac-Mégantic,QC,G6B
155,1,Utah,Trois-Rivières,QC,L8J
156,3504,Portage,Sainte-Anne-des-Plaines,QC,J4X
157,95,Doe Crossing,Côte-Saint-Luc,QC,H7V
158,80,Comanche,Princeville,QC,J1J
159,44639,Wayridge,Blainville,QC,J7J
160,969,Gerald,Mirabel,QC,J5K
161,4490,Bunting,Saint-Augustin,QC,G5J
162,173,Tomscot,Montréal-Est,QC,J4N
163,37,Center,Saint-Lambert-de-Lauzon,QC,V6L
164,649,Messerschmidt,Coaticook,QC,J1A
165,660,Scofield,Bedford,QC,J6W
166,423,Meadow Valley,Joliette,QC,J6E
167,1118,Hintze,La Tuque,QC,G9X
168,91,Packers,Thetford-Mines,QC,G6G
169,0940,Bay,Ormstown,QC,J0S
170,3376,Dovetail,Chambly,QC,J3L
171,5973,Homewood,Pont-Rouge,QC,G3H
172,45,Oriole,Trois-Rivières,QC,L8J
173,2851,Linden,Mont-Royal,QC,H5B
174,89,Esker,Neuville,QC,T9M
175,4035,Sycamore,Papineauville,QC,G5N
176,92,Waywood,Macamic,QC,V6N
177,91386,Laurel,Jonquière,QC,G7Y
178,886,Northwestern,Boisbriand,QC,J7G
179,85858,Mcguire,Farnham,QC,J2N
180,0,Miller,Lachute,QC,J8H
181,31,Pond,Rimouski,QC,G5N
182,4415,Cottonwood,Prévost,QC,T7Z
183,5,Basil,Saint-Lin-Laurentides,QC,J5M
184,587,Marquette,Albanel,QC,G8M
185,3877,La Follette,Mont-Joli,QC,G5H
186,4,Thackeray,Blainville,QC,J7J
187,1702,Esch,East Angus,QC,N2B
188,3696,Fuller,Mont-Royal,QC,H5B
189,29,6th,Les Coteaux,QC,J7X
190,534,Meadow Vale,Beloeil,QC,J3H
191,65206,Hintze,Farnham,QC,J2N
192,40,Dennis,Maniwaki,QC,J9E
193,786,Drewry,Mirabel,QC,J5K
194,968,Lillian,Québec,QC,G6W
195,11548,Monica,Beauharnois,QC,J6N
196,56440,Sycamore,Saint-Augustin,QC,G5J
197,27594,Cottonwood,Saint-Joseph-de-Coleraine,QC,N2E
198,52755,Bluestem,Charlemagne,QC,J6V
199,5914,East,Albanel,QC,G8M
200,7589,Mosinee,Montréal-Est,QC,J4N
201,526,Sunnyside,Vaudreuil-Dorion,QC,J7W
202,76541,Mosinee,Mont-Tremblant,QC,J8E
203,24,Oneill,Boisbriand,QC,J7G
204,17700,Armistice,Pierreville,QC,K2C
205,32,Mockingbird,Salaberry-de-Valleyfield,QC,J3Y
206,46,Buena Vista,Sainte-Sophie,QC,J5J
207,478,Declaration,Roberval,QC,G8H
208,77,Arapahoe,Prévost,QC,T7Z
209,14709,Hansons,Magog,QC,J1X
210,7691,Hazelcrest,Hudson,QC,J0N
211,7,Doe Crossing,Saint-Lambert-de-Lauzon,QC,V6L
212,1,Melrose,Pont-Rouge,QC,G3H
213,0220,Forest,Marieville,QC,J3M
214,2,Oak Valley,Coaticook,QC,J1A
215,643,Heath,Warwick,QC,G6R
216,0122,Sloan,Baie-D'Urfé,QC,H9X
217,98043,Manufacturers,Senneterre,QC,L0P
218,49488,Gina,Havre-Saint-Pierre,QC,H4R
219,275,Tennessee,Princeville,QC,J1J
220,8,Fallview,Montréal,QC,H5B
221,15620,Logan,Saint-André-Avellin,QC,T5Y
222,4124,Gulseth,Hudson,QC,J0N
223,270,Coolidge,Richmond,QC,V6Z
224,99,Blaine,Mascouche,QC,J6W
225,63,Dahle,Sainte-Anne-des-Plaines,QC,J4X
226,4621,6th,Saint-Bruno,QC,J3V
227,86344,Village Green,Macamic,QC,V6N
228,5450,Maple,L'Île-Perrot,QC,H9X
229,9976,Monument,Saint-Félicien,QC,G8K
230,5515,Towne,Richmond,QC,V6Z
231,665,Bay,L'Épiphanie,QC,J5X
232,64309,Kim,Château-Richer,QC,B3H
233,314,Hagan,Saint-Sauveur,QC,J0R
234,0,Fisk,New-Richmond,QC,J7R
235,842,West,Val-d'Or,QC,J9P
236,46,Arkansas,Drummondville,QC,J2E
237,099,Granby,Les Cèdres,QC,J6S
238,506,Sutteridge,Saint-Joseph-de-Coleraine,QC,N2E
239,4,Butterfield,Lachute,QC,J8H
240,80,Debs,Saint-Augustin-de-Desmaures,QC,G3A
241,9,Randy,Maskinongé,QC,T7A
242,7,Hagan,Malartic,QC,X0G
243,066,Debs,Amqui,QC,G5J
244,5823,Hooker,Saint-Jérôme,QC,J7Z
245,10180,Packers,Daveluyville,QC,R3P
246,9032,Morning,Saint-Eustache,QC,J7R
247,29,Superior,Saguenay,QC,G7K
248,7,Eggendart,Sainte-Sophie,QC,J5J
249,740,Iowa,Havre-Saint-Pierre,QC,H4R
250,1435,Golf Course,Baie-Saint-Paul,QC,G3Z
251,21250,Cottonwood,La Tuque,QC,G9X
252,63,Kenwood,Dollard-Des Ormeaux,QC,H9P
253,385,Moland,Baie-Comeau,QC,K1M
254,41,Jenifer,Roberval,QC,G8H
255,0937,Sheridan,Saint-Rémi,QC,K1G
256,8677,Loeprich,Maniwaki,QC,J9E
257,9,Moland,Vaudreuil-Dorion,QC,J7W
258,17644,Lighthouse Bay,Thetford-Mines,QC,G6G
259,1,Service,Danville,QC,J0A
260,541,Fieldstone,Charlemagne,QC,J6V
261,051,Springview,Baie-Comeau,QC,K1M
262,41,Onsgard,Beaconsfield,QC,H9W
263,91,Cottonwood,Bécancour,QC,G9H
264,69758,Mcguire,Cowansville,QC,J2K
265,16128,Novick,Cap-Santé,QC,N0H
266,2288,Little Fleur,Saint-Augustin-de-Desmaures,QC,G3A
267,4053,Kenwood,Saint-Joseph-de-Coleraine,QC,N2E
268,2264,Vernon,Sainte-Martine,QC,A1C
269,283,Knutson,Salaberry-de-Valleyfield,QC,J3Y
270,88,Shoshone,Kingsey Falls,QC,T8H
271,11,Forster,Saguenay,QC,G7K
272,25,Bartelt,Saint-Joseph-de-Coleraine,QC,N2E
273,55828,Vermont,Saint-Bruno-de-Guigues,QC,G6B
274,47485,Menomonie,Prévost,QC,T7Z
275,230,Summerview,Dorval,QC,H9S
276,8,Scoville,Sainte-Martine,QC,A1C
277,7869,Bellgrove,Mont-Joli,QC,G5H
278,1,Cardinal,Sutton,QC,J5B
279,5434,Ridgeway,Cabano,QC,T9H
280,4,Donald,Lavaltrie,QC,J5T
281,48,Marquette,Havre-Saint-Pierre,QC,H4R
282,33,Corry,Mercier,QC,J6R
283,98,Farmco,La Sarre,QC,J9Z
284,2,Manitowish,Beaconsfield,QC,H9W
285,12524,Pearson,Cabano,QC,T9H
286,4775,Thackeray,Cap-Santé,QC,N0H
287,68,Green,Daveluyville,QC,R3P
288,80,Spenser,Kingsey Falls,QC,T8H
289,7891,Bashford,Albanel,QC,G8M
290,89966,Miller,Mont-Royal,QC,H5B
291,74012,Rowland,Cowansville,QC,J2K
292,123,Chinook,La Sarre,QC,J9Z
293,99,Express,Saint-Eustache,QC,J7R
294,04013,Jenifer,Jonquière,QC,G7Y
295,6265,Hanson,Beaconsfield,QC,H9W
296,21,Arkansas,Longueuil,QC,J4W
297,712,Bartillon,Saint-Jérôme,QC,J7Z
298,658,Longview,Plessisville,QC,G6L
299,68782,Kingsford,Les Cèdres,QC,J6S
300,7404,Mallard,Cowansville,QC,J2K
301,8,Dovetail,Mont-Laurier,QC,J9L
302,3815,Pawling,Lévis,QC,G6W
303,537,Grim,Saint-Jérôme,QC,J7Z
304,8220,Blue Bill Park,Saint-Rémi,QC,K1G
305,529,Butternut,Nicolet,QC,J3T
306,5,Raven,Adstock,QC,G0N
307,5011,Forest Dale,Mercier,QC,J6R
308,41,8th,Chambly,QC,J3L
309,56,Anhalt,Maskinongé,QC,T7A
310,4946,Maple Wood,Asbestos,QC,J1T
311,1,Spohn,Windsor,QC,J1S
312,69,Burning Wood,Oka,QC,J0N
313,8,Village Green,Victoriaville,QC,G6T
314,63836,Division,Asbestos,QC,J1T
315,14,Cottonwood,Cookshire-Eaton,QC,M4C
316,088,Butterfield,Donnacona,QC,G3M
317,8492,Fairview,Port-Cartier,QC,G5B
318,85853,Fairview,Lac-Mégantic,QC,G6B
319,165,Village Green,Boisbriand,QC,J7G
320,527,Kensington,Mascouche,QC,J6W
321,14,Fair Oaks,Saint-Félicien,QC,G8K
322,86649,Merchant,Sainte-Marthe-sur-le-Lac,QC,H9K
323,5,Melvin,Forestville,QC,G2B
324,85,Kim,Cowansville,QC,J2K
325,20167,Bellgrove,Danville,QC,J0A
326,10876,Knutson,Victoriaville,QC,G6T
327,22051,Upham,Berthierville,QC,S3N
328,98048,Waxwing,Labelle,QC,N2L
329,51390,Gulseth,Barraute,QC,P0M
330,0769,Kingsford,Neuville,QC,T9M
331,92,Carey,Lebel-sur-Quévillon,QC,N2A
332,222,Messerschmidt,Saint-Félicien,QC,G8K
333,0275,Mcguire,Montréal-Est,QC,J4N
334,9371,Stoughton,Lavaltrie,QC,J5T
335,74,Larry,Charlemagne,QC,J6V
336,4,Sage,Dorval,QC,H9S
337,704,Continental,Victoriaville,QC,G6T
338,49055,Acker,Boucherville,QC,J4B
339,066,Waxwing,Sainte-Anne-des-Plaines,QC,J4X
340,695,Dapin,Lac-Mégantic,QC,G6B
341,71655,Cascade,Maskinongé,QC,T7A
342,750,Prairie Rose,La Tuque,QC,G9X
343,42826,Caliangt,Lorraine,QC,J7B
344,99597,Di Loreto,La Tuque,QC,G9X
345,76,Brickson Park,Mirabel,QC,J5K
346,76,Scoville,Farnham,QC,J2N
347,23,Nobel,Macamic,QC,V6N
348,1388,Holmberg,Saint-Bruno-de-Montarville,QC,J3V
349,096,John Wall,Beaconsfield,QC,H9W
350,30930,Leroy,Ormstown,QC,J0S
351,8651,Maple Wood,Saguenay,QC,G7K
352,4209,Mayfield,Saint-Tite,QC,G8B
353,5,Arrowood,Lachute,QC,J8H
354,00,Rusk,Sainte-Martine,QC,A1C
355,3033,Cottonwood,Waterloo,QC,V9J
356,97,Northport,Richmond,QC,V6Z
357,4608,Sage,Roberval,QC,G8H
358,6458,Hallows,Amqui,QC,G5J
359,96349,Division,Donnacona,QC,G3M
360,07023,Lien,Ormstown,QC,J0S
361,081,Havey,Saint-Augustin-de-Desmaures,QC,G3A
362,5752,Sherman,Kingsey Falls,QC,T8H
363,64435,Reinke,Laval,QC,H7S
364,683,2nd,Carleton-sur-Mer,QC,P0T
365,243,Stoughton,Alma,QC,N6J
366,8,Sauthoff,Saint-André-Avellin,QC,T5Y
367,420,Forster,Dorval,QC,H9S
368,3024,Forest,Berthierville,QC,S3N
369,3394,Little Fleur,Saint-Raymond,QC,G3L
370,264,Mandrake,Donnacona,QC,G3M
371,0,Melody,Victoriaville,QC,G6T
372,72,Banding,Saint-Jérôme,QC,J7Z
373,15123,Nevada,Warwick,QC,G6R
374,3785,Vera,Baie-Comeau,QC,K1M
375,42,Anthes,Lac-Mégantic,QC,G6B
376,60,Corben,Mont-Joli,QC,G5H
377,102,Shopko,Blainville,QC,J7J
378,1719,Caliangt,Princeville,QC,J1J
379,94,Steensland,Sainte-Thérèse,QC,J7G
380,1,Fordem,Marieville,QC,J3M
381,024,Dayton,Napierville,QC,M2N
382,418,Mayer,Napierville,QC,M2N
383,0,Barby,Notre-Dame-des-Prairies,QC,K6V
384,671,Lighthouse Bay,Thetford-Mines,QC,G6G
385,8,Nelson,East Angus,QC,N2B
386,5927,Lakewood,Saint-Sauveur,QC,J0R
387,9,Gulseth,Saint-Félicien,QC,G8K
388,02,Russell,New-Richmond,QC,J7R
389,0,Gale,Longueuil,QC,J4W
390,6123,Moose,Acton Vale,QC,G0E
391,3,Continental,Nicolet,QC,J3T
392,594,Everett,Lévis,QC,G6W
393,601,Delaware,Alma,QC,N6J
394,53,Corscot,Mirabel,QC,J5K
395,8,Lerdahl,Charlemagne,QC,J6V
396,7200,American,Côte-Saint-Luc,QC,H7V
397,641,Petterle,Montréal-Est,QC,J4N
398,652,Huxley,Pierreville,QC,K2C
399,79,Vernon,Amqui,QC,G5J
400,487,Briar Crest,Saint-Lambert-de-Lauzon,QC,V6L
401,8527,Pennsylvania,Saguenay,QC,G7K
402,9,Superior,Cookshire-Eaton,QC,M4C
403,8,Granby,Carleton-sur-Mer,QC,P0T
404,59824,Jana,Rivière-du-Loup,QC,G5R
405,994,Moose,Princeville,QC,J1J
406,3,Jana,Côte-Saint-Luc,QC,H7V
407,330,Eagle Crest,Pont-Rouge,QC,G3H
408,8,Pierstorff,Saint-Sauveur,QC,J0R
409,018,Pleasure,Longueuil,QC,J4W
410,76,4th,Malartic,QC,X0G
411,3,Holmberg,Hudson,QC,J0N
412,8,Miller,Berthierville,QC,S3N
413,95,Ruskin,Matagami,QC,N2M
414,34,Blue Bill Park,Richmond,QC,V6Z
415,371,Dexter,Vaudreuil-Dorion,QC,J7W
416,36,Continental,Trois-Rivières,QC,L8J
417,59081,Kropf,Saint-Eustache,QC,J7R
418,1319,Shelley,Richmond,QC,V6Z
419,32,Becker,Laval,QC,H7S
420,49876,Boyd,Mirabel,QC,J5K
421,00,Kipling,Lavaltrie,QC,J5T
422,96,Springs,Varennes,QC,J3X
423,26122,Texas,Magog,QC,J1X
424,8,Schiller,Jonquière,QC,G7Y
425,07,Lukken,Sainte-Anne-des-Monts,QC,L8P
426,9,Butterfield,Pont-Rouge,QC,G3H
427,682,Nevada,Macamic,QC,V6N
428,61,Maywood,Bedford,QC,J6W
429,22,Nelson,L'Assomption,QC,J5W
430,79437,Logan,Montréal-Est,QC,J4N
431,07971,Dixon,Prévost,QC,T7Z
432,642,Helena,Mont-Tremblant,QC,J8E
433,51,Warbler,Saint-Félicien,QC,G8K
434,32074,Bartillon,Lebel-sur-Quévillon,QC,N2A
435,00448,Pepper Wood,Kirkland,QC,H9J
436,76190,Dawn,Blainville,QC,J7J
437,5696,Trailsway,Alma,QC,N6J
438,9,Anhalt,Bedford,QC,J6W
439,14765,Northwestern,Prévost,QC,T7Z
440,957,Farragut,Havre-Saint-Pierre,QC,H4R
441,518,Golf,Adstock,QC,G0N
442,38740,Banding,Papineauville,QC,G5N
443,3626,Merrick,Joliette,QC,J6E
444,16944,Ohio,Sainte-Anne-des-Monts,QC,L8P
445,5655,Monterey,Sutton,QC,J5B
446,7856,Kim,Saint-Raymond,QC,G3L
447,1,Farwell,Sainte-Anne-des-Plaines,QC,J4X
448,93,Florence,Saint-Augustin,QC,G5J
449,7,Cordelia,Sainte-Anne-de-Bellevue,QC,H9X
450,52,Cody,Mascouche,QC,J6W
451,14533,Autumn Leaf,Mont-Tremblant,QC,J8E
452,267,Milwaukee,Matagami,QC,N2M
453,73344,Crescent Oaks,Saint-Bruno-de-Guigues,QC,G6B
454,8390,Columbus,Baie-Comeau,QC,K1M
455,0052,Lighthouse Bay,Acton Vale,QC,G0E
456,54,Superior,Longueuil,QC,J4W
457,1,Johnson,Montréal-Ouest,QC,H5B
458,9,Derek,Donnacona,QC,G3M
459,59742,Independence,Napierville,QC,M2N
460,11104,Dahle,Varennes,QC,J3X
461,1962,Crownhardt,Forestville,QC,G2B
462,0,Maywood,Sutton,QC,J5B
463,41771,Kedzie,Saint-Bruno-de-Guigues,QC,G6B
464,56529,Cordelia,L'Assomption,QC,J5W
465,6,Caliangt,Lorraine,QC,J7B
466,2,Pennsylvania,Jonquière,QC,G7Y
467,47935,Straubel,Sutton,QC,J5B
468,76218,Kennedy,Côte-Saint-Luc,QC,H7V
469,38,Susan,Sainte-Martine,QC,A1C
470,48496,Ohio,L'Assomption,QC,J5W
471,2066,Lotheville,Magog,QC,J1X
472,522,Thierer,Baie-D'Urfé,QC,H9X
473,97889,Rowland,Mercier,QC,J6R
474,7865,Rowland,Waterloo,QC,V9J
475,3731,Heffernan,Mercier,QC,J6R
476,2,Roth,Pont-Rouge,QC,G3H
477,1588,Fulton,Montréal,QC,H5B
478,0,High Crossing,Saint-Sauveur,QC,J0R
479,87,Carberry,Louiseville,QC,J5V
480,6888,Hovde,Sainte-Marthe-sur-le-Lac,QC,H9K
481,60,Portage,Marieville,QC,J3M
482,2,Corry,Barraute,QC,P0M
483,24348,Gina,Normandin,QC,G0H
484,2,Morningstar,Marieville,QC,J3M
485,1474,Haas,Val-d'Or,QC,J9P
486,2398,Sachs,Sutton,QC,J5B
487,4444,Grover,Carleton-sur-Mer,QC,P0T
488,08,Huxley,Farnham,QC,J2N
489,71,Rutledge,Lorraine,QC,J7B
490,284,Summit,Rivière-du-Loup,QC,G5R
491,082,Harbort,Delson,QC,J5B
492,61,Myrtle,Labelle,QC,N2L
493,8,Forster,Sherbrooke,QC,J1K
494,324,Spohn,Rivière-du-Loup,QC,G5R
495,3,3rd,Donnacona,QC,G3M
496,32,Hermina,Windsor,QC,J1S
497,64,Johnson,Les Coteaux,QC,J7X
498,719,Troy,Saint-Lambert-de-Lauzon,QC,V6L
499,483,Sunbrook,Matagami,QC,N2M
500,8917,Iowa,Forestville,QC,G2B
