ID,first_name,last_name,gender,email,phone_number,birth_date,RAMQ_number,address_id
1,Stevena,Badder,Female,sbadder0@domainmarket.com,734-563-2481,1997-10-25,RLXT34973815,492
2,Wadsworth,Jehan,Male,wjehan1@exblog.jp,553-666-2438,2010-03-08,OKOZ73688762,206
3,Marten,Cusack,Male,mcusack2@springer.com,656-114-7993,2010-11-06,UNSB25539150,499
4,Perri,Ebbutt,Female,pebbutt3@friendfeed.com,974-836-4649,1955-04-30,LUDI21381900,55
5,Ab,Michelmore,Male,amichelmore4@lulu.com,317-404-1352,1995-03-19,CXYV15974964,444
6,Bryana,Saket,Female,bsaket5@usnews.com,563-396-7274,2007-03-01,PUIN36902635,210
7,Powell,MacChaell,Male,pmacchaell6@businessinsider.com,192-455-1827,2011-10-31,FPVU16868921,404
8,Benedetta,Pergens,Female,bpergens7@howstuffworks.com,487-264-9334,1982-07-22,LOLY00189422,328
9,Hans,Maddox,Male,hmaddox8@twitter.com,428-164-7905,1975-03-25,JBLZ85455891,386
10,Wood,Stelfax,Male,wstelfax9@usda.gov,607-559-0344,2011-10-31,YEFS81312690,268
11,Vergil,Stannion,Male,vstanniona@hubpages.com,844-853-4495,1952-11-29,NCMT27941751,136
12,Isadora,Molan,Female,imolanb@w3.org,322-390-8955,1986-09-24,FWXR89866747,78
13,Pat,Blankett,Female,pblankettc@oakley.com,629-268-6108,2002-12-04,JGHM54090430,137
14,Mitchel,Waring,Male,mwaringd@dailymail.co.uk,622-553-2333,1995-01-26,NCYQ94856731,344
15,Morlee,Dollen,Male,mdollene@netlog.com,892-723-1951,1983-07-25,QJYV61280734,283
16,Even,Calcut,Male,ecalcutf@ft.com,880-542-0341,1960-06-23,SQOM37406426,408
17,Hunter,Dumphries,Male,hdumphriesg@cnn.com,683-120-9397,2010-10-20,CZLL29729254,208
18,Willette,Redd,Female,wreddh@360.cn,227-777-1973,1951-09-20,JALV38839202,59
19,Linoel,Eckley,Male,leckleyi@who.int,347-226-5611,1968-08-05,DWTM49975763,480
20,Gail,Vallack,Male,gvallackj@uol.com.br,925-467-0547,2012-09-02,ACFE57058279,442
21,Pip,Prattin,Male,pprattink@mapy.cz,382-186-1667,1951-07-22,ZOCJ16789247,168
22,Nicolea,Sollars,Female,nsollarsl@independent.co.uk,212-800-9864,1955-08-01,ZUEE33155782,472
23,Zeke,Kaszper,Male,zkaszperm@shop-pro.jp,563-882-7046,1992-07-06,KJHY96003995,99
24,Martelle,Rawkesby,Female,mrawkesbyn@walmart.com,505-202-8898,1959-06-01,RLPK98868343,451
25,Rodolph,McKeighan,Male,rmckeighano@hao123.com,438-806-0069,1972-08-09,OLXQ88707718,129
26,Derrek,Sutter,Male,dsutterp@ehow.com,960-212-6796,2008-05-08,LOLR31306661,461
27,Karalee,Lees,Female,kleesq@tripadvisor.com,913-917-5839,2000-08-05,JYSB78315301,424
28,Essie,Baradel,Female,ebaradelr@google.nl,176-850-8281,2006-05-21,CWBV02756577,45
29,Heddi,Otter,Female,hotters@tumblr.com,687-832-4818,2005-08-18,JZQW26706961,393
30,Sheryl,Endrighi,Female,sendrighit@nydailynews.com,859-532-7316,1980-08-25,TJXW93667032,247
31,Miquela,Trenbey,Female,mtrenbeyu@abc.net.au,478-359-8004,1973-08-05,IUVD46992590,387
32,Karlen,Bleiman,Female,kbleimanv@etsy.com,691-894-3537,1982-11-16,VEXX14883453,383
33,Bellanca,Sexton,Female,bsextonw@g.co,629-263-5506,1986-12-16,NOQO04713691,267
34,Karlan,Bowton,Male,kbowtonx@unc.edu,563-557-1265,1995-10-14,ASXJ15022889,13
35,Eleni,Kemball,Female,ekembally@feedburner.com,364-891-1831,1987-10-25,AUSH11562807,330
36,David,Emms,Male,demmsz@biglobe.ne.jp,120-690-8851,1987-12-14,AQTW08999578,393
37,Humfrid,Wooton,Male,hwooton10@arstechnica.com,666-657-0677,1966-08-17,OQUR70752593,264
38,Bonny,Terren,Female,bterren11@topsy.com,773-882-2967,2018-01-27,UACP48202093,87
39,Prudi,Biscomb,Female,pbiscomb12@amazon.co.uk,698-556-2729,1972-08-30,CXOV17659478,442
40,Vanya,Malicki,Male,vmalicki13@craigslist.org,699-357-4395,2016-03-12,TDHT07867622,366
41,Carole,Delamar,Female,cdelamar14@baidu.com,741-592-7244,2006-12-10,NJVI34001396,299
42,Conant,Eger,Male,ceger15@plala.or.jp,972-985-4353,1984-06-16,MCOW84390442,94
43,Gelya,Speeding,Female,gspeeding16@admin.ch,880-460-6330,1988-11-22,WVHF86335096,292
44,Colin,Shoobridge,Male,cshoobridge17@1und1.de,777-846-4787,1993-12-26,BHTB99037931,330
45,Teodorico,Bazoche,Male,tbazoche18@wsj.com,770-968-4105,1976-02-11,FVCT64197516,420
46,Nichols,Streeter,Male,nstreeter19@ning.com,408-630-2894,2000-02-06,GQBH94799312,175
47,Hermione,Otton,Female,hotton1a@shinystat.com,151-287-8673,2013-01-26,WNIX39004957,300
48,Ilysa,Liddy,Female,iliddy1b@csmonitor.com,121-717-5635,1967-06-12,PBOV97409017,435
49,Dionysus,McGibbon,Male,dmcgibbon1c@huffingtonpost.com,692-494-9675,2011-05-09,DWMQ21044850,311
50,Gallard,Curd,Male,gcurd1d@discuz.net,308-863-0786,1963-03-30,YFZD66708623,358
51,Dee dee,Chater,Female,dchater1e@friendfeed.com,346-691-6016,1968-09-06,HXVL74212481,324
52,Farrah,Joppich,Female,fjoppich1f@princeton.edu,857-383-1245,1955-03-02,YQHM65598874,72
53,Brana,Combe,Female,bcombe1g@nature.com,247-321-9934,2013-09-21,AZBU81752104,458
54,Chadd,Melloy,Male,cmelloy1h@ebay.co.uk,335-688-9387,1994-03-14,XQTA10645142,102
55,Rube,Lippiello,Male,rlippiello1i@squidoo.com,512-362-5702,2017-11-20,OWWL09189474,375
56,Morton,Case,Male,mcase1j@nhs.uk,563-223-1195,2013-12-27,FNWY85962302,347
57,Ofilia,Nanni,Female,onanni1k@telegraph.co.uk,200-806-9500,1988-08-31,NJVR94782232,311
58,Glenine,Menichino,Female,gmenichino1l@blog.com,699-507-5294,1986-04-20,TWSI90841719,74
59,Barnard,Wann,Male,bwann1m@google.pl,944-660-5192,1950-11-05,UIWA09109403,319
60,Micki,Bangiard,Female,mbangiard1n@ihg.com,851-285-4401,1961-11-04,KHGK25380413,460
61,Butch,Ixer,Male,bixer1o@va.gov,592-229-3355,2018-06-25,LLEY78776308,328
62,Peterus,Metzig,Male,pmetzig1p@prlog.org,317-265-1624,1950-08-14,QQPF50016412,388
63,Marlin,Doyle,Male,mdoyle1q@live.com,695-102-2315,1977-05-05,ORNC26950968,350
64,Gigi,Wilmington,Female,gwilmington1r@dyndns.org,995-838-0757,1953-10-09,KMYF12716678,67
65,Caldwell,Woolstenholmes,Male,cwoolstenholmes1s@guardian.co.uk,435-187-4615,2006-02-10,JRLE98258456,51
66,Nolan,Loxley,Male,nloxley1t@senate.gov,899-181-4466,2013-10-15,TNHZ52860578,85
67,Brig,Morch,Male,bmorch1u@sciencedaily.com,966-137-6222,1991-02-21,JXKU89153452,378
68,Ilise,Bockmaster,Female,ibockmaster1v@netvibes.com,485-122-2705,2000-03-01,JJEW65798176,287
69,George,Pifford,Female,gpifford1w@nytimes.com,563-189-3994,1975-11-02,AQAA04191059,45
70,Bern,Digwood,Male,bdigwood1x@sourceforge.net,206-355-0087,1992-06-06,PETX65431311,62
71,Nehemiah,Hinckley,Male,nhinckley1y@youtube.com,237-883-5926,1993-06-08,CACI33037055,334
72,Halsey,O'Deegan,Male,hodeegan1z@nbcnews.com,350-811-5931,1971-06-18,RIIN01899410,202
73,Lothario,Brenstuhl,Male,lbrenstuhl20@nytimes.com,375-974-5128,2013-01-02,HXZY10968432,278
74,Deonne,Bellfield,Female,dbellfield21@dropbox.com,136-757-5270,1985-02-21,CRUH69077295,160
75,Stafani,McLugish,Female,smclugish22@spotify.com,849-573-1946,1956-01-01,VCBV70289704,377
76,Allx,Eady,Female,aeady23@narod.ru,432-572-7450,1962-06-06,PTPX37015249,27
77,Aarika,Meiklam,Female,ameiklam24@noaa.gov,499-620-1648,2006-02-26,ISUX43201995,192
78,Joice,Haryngton,Female,jharyngton25@aol.com,327-407-1651,1983-04-04,PELU61055750,422
79,Cheston,Pecha,Male,cpecha26@gizmodo.com,223-449-1277,2011-08-23,RWSF45417751,275
80,Belia,Gaitskill,Female,bgaitskill27@princeton.edu,306-891-4347,1972-10-22,ILEI43827832,145
81,Juditha,Devaney,Female,jdevaney28@stumbleupon.com,742-162-4460,1986-07-21,LYOB19578090,366
82,Dave,Nettleship,Male,dnettleship29@aol.com,266-272-4169,1966-11-12,NGND97127312,172
83,Elaina,Quennell,Female,equennell2a@weather.com,973-883-1911,2019-04-08,YDHL54522821,38
84,Noll,Heart,Male,nheart2b@illinois.edu,728-874-6602,2018-06-28,BJHG35735912,173
85,Marthe,Henker,Female,mhenker2c@netvibes.com,653-906-6394,2017-11-20,TYEA64278828,331
86,Casandra,Duesbury,Female,cduesbury2d@fotki.com,459-657-6127,2004-03-05,QWXS03124087,202
87,Thornton,Every,Male,tevery2e@census.gov,727-407-2997,1956-07-16,WTAG24427352,242
88,Adelaida,Aarons,Female,aaarons2f@usgs.gov,354-616-7855,2003-04-11,WXGY00273420,143
89,Nanine,Aickin,Female,naickin2g@ihg.com,778-876-5839,1969-11-06,YZPG09237886,273
90,Cory,Carbry,Female,ccarbry2h@goo.ne.jp,661-805-8233,2017-02-22,YFRV26305719,458
91,Arleta,Pettett,Female,apettett2i@cdbaby.com,965-107-7254,2015-08-09,LBPX76626927,382
92,Brad,O'Grada,Male,bograda2j@umich.edu,786-830-7930,1980-11-14,MOBV39191749,361
93,Prisca,Cordelette,Female,pcordelette2k@t-online.de,609-576-7804,1988-01-02,GOWE23688079,19
94,Laurent,Corah,Male,lcorah2l@163.com,752-215-5607,1988-07-06,AAWP81802424,282
95,Chevy,Kerford,Male,ckerford2m@apple.com,960-280-8984,2004-05-05,UWAU78002238,271
96,Bonnibelle,Tanton,Female,btanton2n@comcast.net,769-641-9721,1975-01-02,FZIJ83871786,347
97,Ida,Goudman,Female,igoudman2o@sphinn.com,242-774-5989,1951-03-12,JJCD42813448,266
98,Frederique,Dinan,Female,fdinan2p@yahoo.com,366-359-6928,1956-04-06,WHTX40582268,307
99,Gabe,MacGilfoyle,Male,gmacgilfoyle2q@mail.ru,982-809-2168,2010-01-03,HURL01430643,480
100,Corinne,Jerg,Female,cjerg2r@uiuc.edu,525-339-9837,2015-03-08,QRTO84585737,353
101,Reynold,Roser,Male,rroser2s@infoseek.co.jp,822-772-4118,1999-02-23,QLYQ75374751,375
102,Alison,MacSween,Female,amacsween2t@163.com,875-764-0158,2000-01-25,QUAN47067021,162
103,Shermie,Gosby,Male,sgosby2u@altervista.org,638-268-9580,2010-11-14,LWLS75475830,190
104,Joceline,Guidera,Female,jguidera2v@bbc.co.uk,410-345-3414,1993-09-29,ZMNY05081666,462
105,Hewie,Pomfret,Male,hpomfret2w@cnet.com,774-811-3416,1953-06-04,XBTS62527171,454
106,Dannye,Ewdale,Female,dewdale2x@friendfeed.com,396-774-6049,1963-03-19,VWNN29115467,84
107,Conchita,Croxall,Female,ccroxall2y@nbcnews.com,219-701-9436,2010-05-03,PWXY80016707,389
108,Jackson,Matyushkin,Male,jmatyushkin2z@flickr.com,519-744-2688,1967-04-27,BZVH75888357,402
109,Ingeborg,Fonso,Female,ifonso30@sohu.com,159-729-8276,1963-06-01,NJLS92314865,471
110,Derek,Kristufek,Male,dkristufek31@youtu.be,534-579-9572,1962-06-27,UBEY39764242,278
111,Darcy,Poynter,Male,dpoynter32@w3.org,122-325-2733,1966-08-25,ACGD45493176,425
112,Natty,Jasper,Male,njasper33@berkeley.edu,571-745-8600,1966-07-15,YCJU31627409,204
113,Marquita,Sager,Female,msager34@t.co,958-268-7464,1999-09-08,ODWQ69379253,274
114,Vonny,Wooler,Female,vwooler35@cmu.edu,187-587-7577,2017-07-18,UFKS35757638,372
115,Rem,Glynne,Male,rglynne36@google.it,175-432-6445,1978-04-11,AAMF66381187,493
116,Dirk,Bloxsome,Male,dbloxsome37@vimeo.com,720-399-9811,1968-11-29,MZCX14531298,96
117,Reg,Henrie,Male,rhenrie38@yahoo.co.jp,158-416-1812,1953-02-28,VGBM51398759,92
118,Persis,Mathias,Female,pmathias39@lulu.com,322-592-2366,1965-06-11,MPJV88868597,173
119,Granville,Rubinovitch,Male,grubinovitch3a@howstuffworks.com,256-806-1109,1979-02-18,UFEI67319297,131
120,Ibby,Darwood,Female,idarwood3b@salon.com,876-629-8321,2019-07-13,MOZN43375572,63
121,Gloriane,Pau,Female,gpau3c@ft.com,215-221-6983,1991-07-04,XAXB64734154,415
122,Mirabelle,Lening,Female,mlening3d@paginegialle.it,510-456-5898,1965-04-16,YLCU81724030,132
123,Marie,Tirone,Female,mtirone3e@sakura.ne.jp,253-817-6716,1996-02-03,QPJR17098247,468
124,Zarla,Longforth,Female,zlongforth3f@globo.com,278-431-2104,1969-03-24,ZYAJ84066718,486
125,Ervin,Garnham,Male,egarnham3g@patch.com,369-694-7145,1977-11-16,VYLH07591954,340
126,Florinda,Calverley,Female,fcalverley3h@state.tx.us,996-711-1414,1975-11-14,EKVD37738745,137
127,Ardenia,Brooking,Female,abrooking3i@ebay.co.uk,112-463-3533,1997-05-23,BEVP34449392,476
128,Archie,Cordelle,Male,acordelle3j@virginia.edu,805-449-8545,1952-02-21,MVPO15831863,221
129,Carey,Pinks,Female,cpinks3k@imgur.com,614-894-4334,2000-10-21,SIFN60947081,247
130,Bell,Devon,Female,bdevon3l@bizjournals.com,251-775-6921,1978-05-09,WEMN03530309,303
131,Karlotta,Eisikowitch,Female,keisikowitch3m@dyndns.org,220-135-2300,2003-08-18,GRLI54413996,340
132,Woodie,MacGuiness,Male,wmacguiness3n@uol.com.br,928-291-5953,1950-05-13,KBKP34234399,70
133,Ingamar,Lathy,Male,ilathy3o@webmd.com,301-865-5523,2001-06-11,YKSL00475593,86
134,Emelda,Brambell,Female,ebrambell3p@about.me,843-178-4650,2018-01-20,WSKK38909677,310
135,Neal,Newitt,Male,nnewitt3q@vk.com,686-284-6153,1995-10-04,MZOZ32591302,434
136,Felice,Rawood,Male,frawood3r@furl.net,623-114-7157,2014-12-12,HUHQ05676226,500
137,Spencer,Aubrun,Male,saubrun3s@deviantart.com,811-169-8473,2010-10-24,SRWV96116740,314
138,Sherwood,Oxberry,Male,soxberry3t@creativecommons.org,671-209-6252,2019-06-20,OWKL73519185,95
139,Abdel,Daintry,Male,adaintry3u@wordpress.org,635-766-7680,1996-06-22,CDLO60171541,49
140,Bryanty,Sand,Male,bsand3v@barnesandnoble.com,991-700-8124,2015-01-03,KZOO99630066,28
141,Terencio,Sollis,Male,tsollis3w@sohu.com,714-709-8138,1950-08-01,XWXY32041396,496
142,Griffith,Dresser,Male,gdresser3x@kickstarter.com,179-990-7425,2009-09-01,FJCG29965699,56
143,Jorge,Lovstrom,Male,jlovstrom3y@jugem.jp,432-994-7840,1980-09-28,TQJO42531815,107
144,Artemis,Sacher,Male,asacher3z@histats.com,307-889-8632,2001-08-31,MASV87524232,192
145,Alasteir,Woolliams,Male,awoolliams40@nps.gov,577-863-5495,1964-12-22,PXCM50525773,155
146,Yolane,Ellph,Female,yellph41@amazon.co.jp,722-896-1277,1986-04-30,OYNC85046905,429
147,Locke,Brandle,Male,lbrandle42@facebook.com,243-726-5262,1961-12-19,EXMW98471858,327
148,Ursula,Lauritzen,Female,ulauritzen43@behance.net,946-936-3836,1997-08-20,JHUM26463310,14
149,Harald,Shrieve,Male,hshrieve44@accuweather.com,698-272-0268,1974-02-26,OIKO00534547,88
150,Ernestine,Otley,Female,eotley45@e-recht24.de,845-290-9443,2008-12-21,PENK01008488,438
151,Wain,Pitcaithley,Male,wpitcaithley46@t.co,200-705-1761,1968-07-07,AKQA03277628,43
152,Clevey,Congram,Male,ccongram47@addthis.com,966-425-4479,1981-11-03,LYWR65223851,439
153,Gwenny,Tommasetti,Female,gtommasetti48@tiny.cc,566-127-0063,2001-04-07,GDDD21577204,499
154,Clive,Heindle,Male,cheindle49@patch.com,123-984-2619,1980-05-11,WTFC95267095,199
155,Demetre,Hansed,Male,dhansed4a@1688.com,121-702-7225,1985-07-02,OJZU61515359,185
156,Brandon,Rosel,Male,brosel4b@odnoklassniki.ru,543-673-8188,1958-05-20,DRQU70401645,158
157,Anastassia,Iannelli,Female,aiannelli4c@etsy.com,682-812-6443,2014-10-07,JNUP89230530,322
158,Delora,Gimert,Female,dgimert4d@dailymail.co.uk,763-427-5572,1975-03-25,GPKT56975750,450
159,Benedikt,Couchman,Male,bcouchman4e@vimeo.com,488-579-2141,1961-04-05,KPCD05235088,94
160,Lillis,Bristoe,Female,lbristoe4f@phpbb.com,342-220-5338,1976-06-11,FESU29306369,87
161,Philipa,Tomkiss,Female,ptomkiss4g@time.com,927-824-4185,2011-08-03,WCOH43370893,327
162,Mile,Blemings,Male,mblemings4h@addtoany.com,510-434-3255,1990-04-18,KYUX23643255,460
163,Carlyle,Olenchenko,Male,colenchenko4i@msn.com,521-620-1706,1988-06-08,VGKY04966065,279
164,Trenton,D'Agostini,Male,tdagostini4j@vk.com,185-570-0721,1995-06-04,JUXQ83925842,401
165,Risa,Corradeschi,Female,rcorradeschi4k@hexun.com,206-875-7252,1965-06-03,GAPE07672433,308
166,Paloma,MacNucator,Female,pmacnucator4l@sitemeter.com,645-118-7079,1977-07-29,FNKP81599339,133
167,Alexina,Christofe,Female,achristofe4m@instagram.com,491-229-9048,1985-10-27,EDEZ63968258,432
168,Dirk,Strapp,Male,dstrapp4n@elegantthemes.com,580-591-8928,1981-01-17,WWBA89222169,159
169,Perrine,But,Female,pbut4o@moonfruit.com,988-849-4942,1969-01-20,ADFG68386418,231
170,Mordy,Harlow,Male,mharlow4p@zdnet.com,875-996-7129,1964-08-30,NYXH24336323,420
171,Mel,Pavlovsky,Male,mpavlovsky4q@ftc.gov,482-692-2069,2005-04-10,YDVZ62601173,109
172,Connie,Kippling,Male,ckippling4r@alexa.com,511-393-4842,1991-06-01,KITQ34424180,272
173,Kalie,Menchenton,Female,kmenchenton4s@google.nl,808-700-6079,2001-05-31,JSBT49105298,443
174,Armin,Dainty,Male,adainty4t@linkedin.com,637-667-9680,1953-06-24,VCJX72421070,329
175,Tait,Juschka,Male,tjuschka4u@icio.us,963-206-8272,2008-03-21,LURC49853496,274
176,Sharron,Mealham,Female,smealham4v@ask.com,246-701-3087,1994-04-04,GYST40258854,480
177,Gabrielle,Clews,Female,gclews4w@rediff.com,621-100-8746,1964-12-03,RUDH00471946,236
178,Aurel,Bratley,Female,abratley4x@sfgate.com,445-137-4755,1993-06-23,UHSU44321352,125
179,Antonina,O'Loughnan,Female,aoloughnan4y@addtoany.com,977-455-2451,1972-12-06,FEBR37859682,276
180,Valery,Moggie,Female,vmoggie4z@newsvine.com,786-965-4127,2011-05-06,JGPT36285070,359
181,Isidor,Ciccone,Male,iciccone50@time.com,643-505-1574,2017-10-24,WXRI11629669,412
182,Guthrey,Layborn,Male,glayborn51@unicef.org,790-645-8196,2007-07-28,IJRR16004355,94
183,Hortensia,Ridler,Female,hridler52@geocities.jp,522-578-7011,1968-10-24,MQKW13839970,462
184,Madelyn,Dyke,Female,mdyke53@illinois.edu,933-338-8918,2014-02-12,WEHL90142622,333
185,Ettie,MacParland,Female,emacparland54@reference.com,852-921-9371,2008-05-26,KVRN51543614,126
186,Katusha,Bradnam,Female,kbradnam55@nifty.com,504-372-8421,2009-06-14,KBFN35664447,438
187,Janey,Pentelo,Female,jpentelo56@jiathis.com,301-764-9502,1950-06-21,CMLD73287401,292
188,Baillie,Pymm,Male,bpymm57@google.it,976-492-3003,1960-01-28,FMOI42325347,421
189,Audy,Sirey,Female,asirey58@apple.com,158-833-2428,2009-09-08,BXQQ04753475,120
190,Charley,Stiles,Male,cstiles59@forbes.com,846-497-1839,2008-03-21,LDNB49578593,257
191,Joni,Meadley,Female,jmeadley5a@cargocollective.com,508-121-7325,1978-07-11,TAUB26669047,212
192,Irvine,Farfalameev,Male,ifarfalameev5b@epa.gov,209-764-3973,1994-04-01,YGKO10476499,440
193,Archibold,Dunnan,Male,adunnan5c@w3.org,135-105-3849,2006-08-10,FSBJ34982089,14
194,Haskell,Matczak,Male,hmatczak5d@liveinternet.ru,258-699-4654,1962-05-04,KTBB79516305,105
195,Wilmar,Ivanuschka,Male,wivanuschka5e@answers.com,455-891-7341,1961-07-19,ZPMY09135971,391
196,Boycey,Tinwell,Male,btinwell5f@bigcartel.com,738-625-4996,1968-10-05,BHEC56138169,447
197,Jerrylee,Lovemore,Female,jlovemore5g@nymag.com,173-621-3213,1983-11-26,QRRI54555751,45
198,Carlee,Mayne,Female,cmayne5h@nih.gov,337-164-8538,1985-09-19,YHEN85348435,483
199,Andrei,John,Female,ajohn5i@qq.com,250-855-1637,1963-08-24,BYQQ41496356,353
200,Austin,Skentelbury,Female,askentelbury5j@gravatar.com,523-405-6175,1985-08-16,DLCO02418983,303
201,Ally,Winder,Female,awinder5k@meetup.com,642-361-3409,1953-02-26,ZSLT49924379,268
202,Austen,Hehl,Male,ahehl5l@dedecms.com,676-253-3236,2008-11-02,JOSK74236724,155
203,Larissa,Wehden,Female,lwehden5m@51.la,376-373-5496,1986-05-18,DKRO28495561,465
204,Vi,Newlands,Female,vnewlands5n@columbia.edu,533-302-0880,2010-01-17,WCDR48389229,393
205,Elyse,Cason,Female,ecason5o@goodreads.com,440-695-6764,1971-05-13,LSHV25711664,229
206,Pavla,Partkya,Female,ppartkya5p@edublogs.org,888-754-3927,1966-04-22,IKAM28371282,284
207,Harmony,Gon,Female,hgon5q@soup.io,847-921-2221,2000-11-07,HIIN96126581,59
208,Wini,Hawkyens,Female,whawkyens5r@cisco.com,705-660-2303,1953-04-28,FBOR39445842,109
209,Robenia,Heinish,Female,rheinish5s@washingtonpost.com,142-308-4982,2007-08-03,JJHY66614065,356
210,Babara,Buckthorpe,Female,bbuckthorpe5t@patch.com,629-135-0236,1955-04-13,YJKY50271472,300
211,Michele,Shilton,Male,mshilton5u@cnn.com,918-480-7846,1950-05-08,PPTJ33983989,119
212,Lester,De Haven,Male,ldehaven5v@fema.gov,883-164-1237,1989-10-26,EVMN66316601,324
213,Serena,Scarr,Female,sscarr5w@sina.com.cn,413-834-7812,2013-12-20,HFKH68177461,249
214,Agnes,Baudinelli,Female,abaudinelli5x@discuz.net,337-584-8617,1990-09-11,WQOU59206588,110
215,Delmore,Mulkerrins,Male,dmulkerrins5y@cam.ac.uk,527-441-7622,1952-03-04,IEEJ99643947,293
216,Willard,McComiskie,Male,wmccomiskie5z@slideshare.net,360-695-5382,2012-03-26,AYTR64213160,137
217,Mina,Farryann,Female,mfarryann60@goo.gl,697-399-3039,1962-07-20,KZPE82497293,13
218,Ynez,Housin,Female,yhousin61@typepad.com,255-934-5182,1980-10-07,RZFY64762243,416
219,Livvyy,MacAndie,Female,lmacandie62@elpais.com,127-767-3435,1954-08-29,NPSR41469521,378
220,Floria,Filipyev,Female,ffilipyev63@mayoclinic.com,803-508-3099,1956-01-18,XQPC07696867,6
221,Jecho,Longstreeth,Male,jlongstreeth64@wikipedia.org,707-943-0591,1987-07-04,IAEQ31585088,111
222,Shelagh,Sinson,Female,ssinson65@unc.edu,947-108-7939,1963-07-05,VGRJ19572977,189
223,Silvester,Eustis,Male,seustis66@npr.org,853-835-2762,1971-12-09,IWJP52554173,72
224,Sarina,Stringer,Female,sstringer67@timesonline.co.uk,246-638-5894,1975-04-08,YWBA73539236,9
225,Locke,Favell,Male,lfavell68@prweb.com,923-883-1928,2014-07-27,QJJL52922107,39
226,Earle,Gier,Male,egier69@nba.com,319-362-1104,1970-02-15,TGBM59901569,64
227,Yorgo,Heading,Male,yheading6a@lycos.com,218-481-9795,1997-05-18,WIJJ28658696,176
228,Charline,Tockell,Female,ctockell6b@miitbeian.gov.cn,714-531-4534,1978-11-11,XLZA40715444,334
229,Peterus,Pabst,Male,ppabst6c@friendfeed.com,734-495-5734,1979-03-31,USOZ11799705,12
230,Brigitte,Rubra,Female,brubra6d@ucoz.com,349-788-5114,2015-12-19,LGXB40578980,50
231,Alberik,Bourne,Male,abourne6e@marriott.com,592-857-6115,1997-12-04,YKQA20849600,8
232,Cully,Papaccio,Male,cpapaccio6f@edublogs.org,199-420-1303,2007-02-03,UHQA41231550,107
233,Vinnie,Medford,Female,vmedford6g@omniture.com,233-359-3815,1953-02-12,AVGK92146359,47
234,Goldina,Shaefer,Female,gshaefer6h@ovh.net,428-506-1762,1951-11-01,KESQ48181302,305
235,Sisile,Chicchelli,Female,schicchelli6i@theglobeandmail.com,322-397-2994,2014-06-23,RASM78029548,251
236,Cosmo,Hugland,Male,chugland6j@engadget.com,539-134-2839,1967-11-05,EGOI42716784,59
237,Helsa,Weedon,Female,hweedon6k@java.com,849-971-9484,1993-06-11,JSMD41855446,277
238,Petronella,Edgley,Female,pedgley6l@nyu.edu,860-122-6468,1999-04-02,JDDF73973418,32
239,Jillana,O'Brallaghan,Female,jobrallaghan6m@gov.uk,993-941-3829,1985-12-14,WXXY28934904,235
240,Clare,Commucci,Female,ccommucci6n@stumbleupon.com,191-106-6971,1982-05-31,FLIO62298177,335
241,Valenka,Lutton,Female,vlutton6o@constantcontact.com,583-420-7005,1989-06-01,NHUY65778412,354
242,Aubrette,Illiston,Female,ailliston6p@blogs.com,957-225-5450,1999-05-07,FAQR88479916,259
243,Tabbitha,Crispe,Female,tcrispe6q@vistaprint.com,587-851-5037,1984-07-15,EJOO97808986,59
244,Michaeline,McLukie,Female,mmclukie6r@over-blog.com,764-836-6712,1987-10-21,KXVY47943226,381
245,Abba,Lowten,Male,alowten6s@hp.com,798-946-8945,1956-01-11,CPON76929779,424
246,Augustus,Iczokvitz,Male,aiczokvitz6t@flavors.me,812-596-0549,1963-05-22,XHNR64004534,331
247,Fin,Pittford,Male,fpittford6u@java.com,259-768-6604,2015-07-25,HAGD33420875,314
248,Iolande,Stammer,Female,istammer6v@ucsd.edu,514-341-5464,2015-02-01,IPSL12293629,147
249,Dane,Dowrey,Male,ddowrey6w@behance.net,734-422-2267,1965-08-04,IMUY14643756,358
250,Mady,Peeter,Female,mpeeter6x@unesco.org,805-294-2844,1953-02-02,LAYA65516409,403
251,Fin,Pittford,Male,fpittford6ux@java.com,259-768-6604,2015-07-25,HAGD35420875,314
252,Mady,Peeter,Female,mpeeter6xx@unesco.org,805-294-2844,1953-02-02,LAYA65517409,403
253,Stevena,Badder,Female,sbadderx0@domainmarket.com,734-563-2481,1997-10-25,RLXT34073815,492
254,Wadsworth,Jehan,Male,wjehan1x@exblog.jp,553-666-2438,2010-03-08,OKOZ73688862,206
255,Marten,Cusack,Male,mcusack2x@springer.com,656-114-7993,2010-11-06,UNSB25549150,499
256,Perri,Ebbutt,Female,pebbuttx3@friendfeed.com,974-836-4649,1955-04-30,LUDI22381900,55
257,Ab,Michelmore,Male,amichelmorxe4@lulu.com,317-404-1352,1995-03-19,CXYV15274964,444
258,Stevena,Badder,Female,sbaddexr0@domainmarket.com,734-563-2481,1997-10-25,RLXT34923815,492
259,Bryana,Saket,Female,bsakext5@usnews.com,563-396-7274,2007-03-01,PUIN36903635,210
260,Powell,MacChaell,Male,pmacchaell6x@businessinsider.com,192-455-1827,2011-10-31,FPVU16888921,404
261,Benedetta,Pergens,Female,bpergens7x@howstuffworks.com,487-264-9334,1982-07-22,LOLY00989422,328
262,Hans,Maddox,Male,hmaddoxx8@twitter.com,428-164-7905,1975-03-25,JBLZ85255891,386
263,Wood,Stelfax,Male,wstelfaxx9@usda.gov,607-559-0344,2011-10-31,YEFS81312390,268
264,Vergil,Stannion,Male,vstannionax@hubpages.com,844-853-4495,1952-11-29,NCMT27942751,136
265,Stevena,Badder,Female,sbadder0x@domainmarket.com,734-563-2481,1997-10-25,RLXT35973815,492