id,first_name,last_name,email,birth_date,ramq_number,address_id
1,Carlynn,Cottier,ccottier0@omniture.com,2005-11-18,WNHJ40646787,339
2,Cherry,Simenot,csimenot1@dailymotion.com,1982-12-13,ZAZO00411340,317
3,Lucina,Reilinger,lreilinger2@ocn.ne.jp,2021-01-03,WGEZ65365208,473
4,Hildegarde,Mishow,hmishow3@slideshare.net,1962-07-23,GSVO74924008,280
5,Jeremie,Constantine,jconstantine4@rambler.ru,1974-01-06,WPMG67045156,51
6,Ethelin,Verheyden,everheyden5@usatoday.com,2017-04-03,KWEB12570401,121
7,Sada,Thonger,sthonger6@discuz.net,1975-11-08,MVDL77829152,94
8,Joby,Lydall,jlydall7@howstuffworks.com,2018-10-31,UEFW95297287,353
9,Anita,Brearley,abrearley8@epa.gov,1962-09-14,BNSA33987611,404
10,Gwenny,Ackroyd,gackroyd9@rakuten.co.jp,1969-02-17,XDMR12464611,147
11,Lela,Eshmade,leshmadea@mashable.com,2015-01-26,WWKX29766463,444
12,Margalit,Geck,mgeckb@npr.org,2007-02-13,IZYG76717585,262
13,Anthiathia,Janny,ajannyc@reference.com,1968-09-04,SYXL29504918,333
14,Fabe,Kivell,fkivelld@simplemachines.org,2000-09-03,JHGE34088549,492
15,Brena,Garron,bgarrone@reuters.com,2015-02-28,XCAC40901085,298
16,Sascha,Drayton,sdraytonf@army.mil,1976-03-29,FFVF25782459,256
17,Alameda,Skinn,askinng@360.cn,2011-03-13,WZUI20378474,86
18,Hagan,Iremonger,hiremongerh@1und1.de,1963-11-05,IPKP80974556,130
19,Kellyann,O'Brian,kobriani@skype.com,1954-10-04,MOTR68303229,171
20,Kipper,Benninger,kbenningerj@nba.com,2012-01-17,WCNC84647760,273
21,Ashley,Stratiff,astratiffk@cornell.edu,2010-03-31,WSYY18123812,197
22,Byron,Foley,bfoleyl@soundcloud.com,1964-03-22,ZBBY42063588,96
23,Saunderson,Erdis,serdism@bloomberg.com,1975-05-05,UIVP44873091,321
24,Ronny,Flaverty,rflavertyn@bizjournals.com,2003-07-31,CFZM21441225,131
25,Ky,Wisedale,kwisedaleo@rediff.com,1982-12-16,YWZX04853479,137
26,Germain,Bramsom,gbramsomp@kickstarter.com,1965-06-24,ZYNN50877217,19
27,Dolley,Carbine,dcarbineq@soundcloud.com,2013-06-02,MNFS72588683,438
28,Maurene,Francomb,mfrancombr@columbia.edu,2019-03-13,QUQC74074025,270
29,Tiebout,Merryfield,tmerryfields@google.co.uk,2011-12-28,DWKE77317375,96
30,Gilberte,Cogle,gcoglet@technorati.com,1951-06-14,EMDQ51492093,434
31,Casey,Berens,cberensu@sun.com,1984-03-19,CSCP60789102,465
32,Corissa,Camelin,ccamelinv@vk.com,2008-09-30,WQWX70677912,275
33,Hamil,Strute,hstrutew@ocn.ne.jp,1965-02-28,MGKF15160442,228
34,Iolande,Kendle,ikendlex@squidoo.com,1964-02-01,AGHZ16218822,146
35,Agata,Holleran,ahollerany@amazonaws.com,1981-06-23,BFPO94174020,273
36,Meara,Henken,mhenkenz@issuu.com,1992-12-22,YUOZ23241825,28
37,Shaun,Race,srace10@ustream.tv,2006-04-03,RXSS46799919,413
38,Forester,Nesby,fnesby11@baidu.com,2018-02-04,SYKM89281063,196
39,Forester,Lafee,flafee12@ovh.net,2010-06-08,IBIV16626066,205
40,Giavani,D'Adamo,gdadamo13@salon.com,2021-08-05,LLKG24262791,151
41,Darrell,Bittleson,dbittleson14@cmu.edu,1958-04-12,AAZL49147428,431
42,Shel,Von Der Empten,svonderempten15@youtu.be,1991-11-11,CCIN52334395,54
43,Rosmunda,Piscotti,rpiscotti16@ucoz.ru,2016-07-25,CFUJ31722137,421
44,Belva,Gemmell,bgemmell17@reuters.com,2016-04-04,RDHP04439632,284
45,Marlie,Goaley,mgoaley18@redcross.org,1975-06-05,TPVG95265065,227
46,Agretha,McDonand,amcdonand19@nsw.gov.au,1994-11-27,MDIM47415721,130
47,Adaline,Keetch,akeetch1a@independent.co.uk,1986-03-28,VEAP61512048,169
48,Leilah,Harhoff,lharhoff1b@pbs.org,1952-06-08,UOCK80766508,274
49,Con,Chastagnier,cchastagnier1c@twitpic.com,1961-11-15,KXGN34913347,67
50,Ellary,Pawelski,epawelski1d@privacy.gov.au,1980-08-11,ORZW24352703,11
51,Berkley,Kibbel,bkibbel1e@nba.com,1983-09-03,DTZO37066457,141
52,Caldwell,Le Prevost,cleprevost1f@1688.com,1963-11-25,GPRS64839576,270
53,Cecily,Smethurst,csmethurst1g@discovery.com,1972-12-01,JFVB62261078,285
54,Kalie,Thurbon,kthurbon1h@microsoft.com,1953-04-07,JDNE39999943,284
55,Randell,Betteney,rbetteney1i@symantec.com,1995-04-18,JMVP79452236,269
56,Neall,Stredwick,nstredwick1j@vinaora.com,1955-04-09,INGP86200109,73
57,Wendall,Killigrew,wkilligrew1k@godaddy.com,1951-06-08,GKZE41648895,225
58,Prudi,McCray,pmccray1l@networkadvertising.org,1962-08-15,LFKP99750885,247
59,Rafaellle,Jarrad,rjarrad1m@mashable.com,1972-04-20,TOYN87302960,205
60,Aidan,Astlet,aastlet1n@free.fr,1961-11-07,NKTX37332505,461
61,Rickey,Codeman,rcodeman1o@goo.ne.jp,2015-02-03,MLTC09763264,285
62,Horacio,Martinets,hmartinets1p@unc.edu,2005-06-11,NXUF33041548,227
63,Jaimie,Baxendale,jbaxendale1q@jiathis.com,2012-09-25,AAEI61106407,340
64,Federico,Sute,fsute1r@yahoo.co.jp,2006-04-09,GVMT07840687,137
65,Nikki,Hairyes,nhairyes1s@dmoz.org,2005-11-23,CZYI34980155,285
66,Jesse,Durnall,jdurnall1t@facebook.com,1970-04-25,QGRY83966470,491
67,Louella,Leatherland,lleatherland1u@vistaprint.com,2009-10-03,RVNW65871952,355
68,Monika,Wallas,mwallas1v@ox.ac.uk,2015-01-06,UXWQ99420125,393
69,Anne,Ifill,aifill1w@apple.com,1978-06-03,UASP94348763,412
70,Xylina,Milnes,xmilnes1x@oakley.com,1950-10-25,KEWS22999454,258
71,Hermina,Lowson,hlowson1y@mlb.com,2006-10-15,QAHK22854978,424
72,Creigh,Tankard,ctankard1z@wikimedia.org,2005-07-08,XSCT09531897,448
73,Aleece,Bayston,abayston20@quantcast.com,1963-05-19,JFRM78091239,339
74,Ernaline,Barstock,ebarstock21@cbc.ca,2006-08-20,XAUR72539814,185
75,Drucill,Brient,dbrient22@sogou.com,1967-11-10,OQRN79192521,348
76,Cthrine,Gatherell,cgatherell23@nhs.uk,1985-02-07,SRGK00944078,266
77,Babita,McCheyne,bmccheyne24@wired.com,1986-06-19,JGXV23896582,264
78,Abbie,Mc Carrick,amccarrick25@twitpic.com,1953-01-22,SVYE26478791,277
79,Gare,Stebbings,gstebbings26@state.tx.us,2017-09-01,EYQZ01024541,25
80,Mollie,Gorwood,mgorwood27@hp.com,1995-02-23,FZZP00906292,149
81,Arlee,Aizic,aaizic28@who.int,1972-06-09,QZUP50508467,465
82,Trina,Spitell,tspitell29@purevolume.com,2006-01-02,IRMJ10693738,366
83,Leila,Lorincz,llorincz2a@army.mil,1991-03-19,RIBM51306890,445
84,Regina,Serraillier,rserraillier2b@simplemachines.org,1996-01-16,IXNP00012362,269
85,Adina,Scamal,ascamal2c@cnn.com,1951-03-10,WTFU99823289,143
86,Sebastiano,Milmo,smilmo2d@marriott.com,1957-05-12,AMUU02909414,439
87,Iona,Heales,iheales2e@sohu.com,1971-07-12,GVCK30774906,126
88,Juditha,Pesticcio,jpesticcio2f@xinhuanet.com,1962-12-26,QRCV67581206,357
89,Tally,Dockray,tdockray2g@bloglines.com,2008-05-15,CKSK45107592,450
90,Doralin,Todman,dtodman2h@livejournal.com,1991-03-16,FSEN61459546,159
91,Lotty,Paolozzi,lpaolozzi2i@redcross.org,2011-04-11,WSHK61955961,155
92,Martha,Ollington,mollington2j@google.ca,1974-07-05,IQQK75753717,176
93,Maurine,Habard,mhabard2k@dot.gov,1995-09-07,UJGN46654232,423
94,Artemus,Doughtery,adoughtery2l@toplist.cz,1988-01-12,TOHU65707538,488
95,Bennie,Innett,binnett2m@marketwatch.com,1972-09-24,QAYO09529405,456
96,Celestyna,Charon,ccharon2n@stanford.edu,2013-03-22,JYLM83635244,152
97,Sisely,Salmond,ssalmond2o@imdb.com,1991-07-31,XPQP45569333,290
98,Mahmoud,Heers,mheers2p@bluehost.com,2006-05-23,TQAR07502511,396
99,Hebert,Ekell,hekell2q@sciencedaily.com,1997-02-28,ZGMO71072412,377
100,Berna,Faithorn,bfaithorn2r@marriott.com,1991-01-20,FWHQ47084387,33
101,Pauly,Matelyunas,pmatelyunas2s@alibaba.com,1982-04-02,CYFI67584459,325
102,Halsy,Jerg,hjerg2t@army.mil,1982-08-14,SDCI40648571,124
103,Kare,Diboll,kdiboll2u@dedecms.com,2022-01-28,CQNZ67199900,468
104,Ajay,Klees,aklees2v@wikimedia.org,1957-07-01,TTAX16312627,383
105,Janessa,Brazear,jbrazear2w@icio.us,1996-09-10,TMGP65680475,281
106,Ferdinanda,Denzey,fdenzey2x@ucoz.ru,1970-06-23,HMNJ70265938,393
107,Bartie,Thomtson,bthomtson2y@fema.gov,1978-09-23,TQOD01908436,306
108,Helga,Marunchak,hmarunchak2z@npr.org,2007-09-15,GKXB14261632,149
109,Jackquelin,Denley,jdenley30@ocn.ne.jp,2005-02-24,ZJKD88513982,415
110,Freddie,Peskin,fpeskin31@archive.org,1985-09-04,BGBF54042011,52
111,Selma,Scocroft,sscocroft32@deliciousdays.com,1958-01-08,XEAE70899236,305
112,Marten,Brittoner,mbrittoner33@salon.com,2007-09-18,TEAP60677440,201
113,Heath,O'Kinedy,hokinedy34@who.int,1984-10-15,BWIH12182202,274
114,Babette,Howorth,bhoworth35@newyorker.com,1995-09-06,AMSP45874332,374
115,Riannon,Shotter,rshotter36@dailymotion.com,2011-06-21,QRNR84214392,147
116,Carilyn,Thurgood,cthurgood37@census.gov,2020-08-30,NHOI95646294,471
117,Bernette,Huck,bhuck38@cam.ac.uk,1983-02-25,YETR06817711,85
118,Kent,Spellacey,kspellacey39@etsy.com,1996-03-11,MQMM21309483,283
119,Corrie,Melmeth,cmelmeth3a@privacy.gov.au,2011-01-08,GPVK64947040,262
120,Rudd,Stapford,rstapford3b@ifeng.com,1953-05-25,HLWL87559795,486
121,Michell,Shakelade,mshakelade3c@cornell.edu,1953-03-15,GJKL45686319,382
122,Alix,Pearlman,apearlman3d@taobao.com,1980-12-23,RVSP84003381,143
123,Philip,Priter,ppriter3e@sourceforge.net,1963-02-28,JYTQ51000113,469
124,Babara,Rivers,brivers3f@squarespace.com,1998-04-19,UUAC58221351,44
125,Rayner,Paske,rpaske3g@sphinn.com,1980-09-09,FNTQ98606583,147
126,Hettie,Hamor,hhamor3h@163.com,1992-08-08,REAH20717838,210
127,Titos,Niessen,tniessen3i@bigcartel.com,1965-02-07,EMTS70356279,372
128,Devon,Driver,ddriver3j@narod.ru,1990-03-08,ZSJX80404038,23
129,Dyanne,Christie,dchristie3k@blogspot.com,2002-12-24,BLBX78485043,246
130,Rock,Handy,rhandy3l@wiley.com,2013-07-07,RFOL54114158,341
131,Welby,Volcker,wvolcker3m@guardian.co.uk,2011-04-18,NJJW91075689,1
132,Lucina,Heersma,lheersma3n@jugem.jp,2018-10-15,JQAA85079895,264
133,Daron,O'Hdirscoll,dohdirscoll3o@seesaa.net,1958-11-24,CBRM09572350,156
134,Jonas,McKune,jmckune3p@cyberchimps.com,1965-09-17,JJFO16906472,133
135,Melisa,Shyres,mshyres3q@dyndns.org,2014-07-17,EGDS63119875,302
136,Celia,Wildgoose,cwildgoose3r@hp.com,1989-02-20,RGVR73871891,224
137,Sonia,Pavese,spavese3s@cnn.com,1987-01-19,VVDU31363602,449
138,Sigismond,Folkes,sfolkes3t@blog.com,1956-12-30,HKWE99090269,65
139,Hakim,Sunock,hsunock3u@wikipedia.org,1982-03-05,SVHE02970885,423
140,Diana,Abbots,dabbots3v@homestead.com,1959-05-09,WBDY39550726,284
141,Lissy,Alliott,lalliott3w@goo.gl,1974-12-18,IIGT28162188,422
142,Ingar,Arias,iarias3x@altervista.org,1953-06-14,YNQV22836067,11
143,Matilde,Roderham,mroderham3y@nymag.com,2007-02-17,GVSP56732315,355
144,Camila,Hetterich,chetterich3z@indiegogo.com,1965-08-03,WTUV71315937,461
145,Merv,Hunday,mhunday40@adobe.com,1961-04-18,EMNN44318213,171
146,Bendix,Whitticks,bwhitticks41@auda.org.au,1973-12-01,HIRI35977973,262
147,Englebert,Freeborn,efreeborn42@comcast.net,2005-11-29,HSXB03101263,487
148,Rosabelle,De Lasci,rdelasci43@unblog.fr,1968-10-16,LLVV69421459,27
149,Danna,Ferruzzi,dferruzzi44@tinypic.com,1956-01-21,VFUJ19861110,406
150,Gina,Kelwick,gkelwick45@netlog.com,1978-11-22,GDJU29245239,33
151,Linnea,Dudson,ldudson46@nps.gov,1992-04-09,JEGT86214456,369
152,Esdras,Oulner,eoulner47@xing.com,1967-09-25,DVRM15103664,443
153,Jethro,Branigan,jbranigan48@upenn.edu,2010-08-05,BJKT27341004,172
154,Roseanne,Costard,rcostard49@posterous.com,2008-10-22,DIYP73378097,307
155,Daryn,Mardling,dmardling4a@vk.com,1968-11-07,XZAD84905162,145
156,Allene,Dore,adore4b@mozilla.org,2014-01-06,JBJJ96999112,59
157,Nancee,Riseam,nriseam4c@nbcnews.com,2007-12-10,QCST57301055,382
158,Wendi,Monument,wmonument4d@weather.com,1992-05-04,RUPK27003841,220
159,Torr,Odgers,todgers4e@4shared.com,1970-07-29,HFSB80861930,125
160,Aymer,McRorie,amcrorie4f@blogs.com,1988-11-26,DKWO27528527,204
161,Mireielle,Barney,mbarney4g@arstechnica.com,2021-10-16,SYRH30477547,391
162,Araldo,Dayton,adayton4h@businessweek.com,1971-03-03,AMVF08069282,173
163,Ezra,Swinglehurst,eswinglehurst4i@barnesandnoble.com,2019-08-19,QCJM43390685,473
164,Gae,Davson,gdavson4j@google.com.hk,2018-08-22,DPYK49979459,39
165,Torie,Scotfurth,tscotfurth4k@twitter.com,2011-04-13,IPVS10264672,332
166,Nathanael,Derill,nderill4l@berkeley.edu,1965-01-29,XJXZ23122646,218
167,Matty,Delany,mdelany4m@goo.ne.jp,2006-02-09,PBZG67265933,139
168,Babbette,Lidgey,blidgey4n@irs.gov,2021-01-08,ILNH77000175,184
169,Nealy,Crawforth,ncrawforth4o@behance.net,2007-01-05,EAUV74046166,198
170,Jeanie,Muddle,jmuddle4p@indiatimes.com,1990-09-22,SSGP80158416,488
171,Thorvald,Nicklen,tnicklen4q@nps.gov,2004-10-19,RASW85576893,447
172,Thedrick,Guile,tguile4r@liveinternet.ru,1986-06-18,GNJY04705122,110
173,Dagmar,Farress,dfarress4s@berkeley.edu,1989-11-11,KGJA73023216,276
174,Hyacinth,Upston,hupston4t@furl.net,1995-02-22,MBXR33322214,71
175,Trumann,Gonthier,tgonthier4u@bigcartel.com,2021-01-02,WXDN97550981,352
176,Alexandr,Newcom,anewcom4v@furl.net,1956-10-17,FQQW74139188,194
177,Aindrea,Lubman,alubman4w@cnbc.com,1980-12-27,QJSL74634422,190
178,Desi,Degan,ddegan4x@ucla.edu,1961-02-02,ORTZ86215766,433
179,Julietta,Glynn,jglynn4y@jiathis.com,2002-05-26,WSCH31638662,18
180,Alyss,Pickance,apickance4z@hp.com,1993-05-20,HLKP15460279,130
181,Christophe,Hebburn,chebburn50@wikipedia.org,1986-12-22,RNFI90698408,209
182,Adelind,Grimditch,agrimditch51@slate.com,1997-01-20,SMAY13007274,366
183,Kinna,Colleford,kcolleford52@google.cn,1990-09-15,EJLH16920508,351
184,Whitby,Hakonsson,whakonsson53@addtoany.com,1981-11-30,BNUD99248589,412
185,Hermy,Aspinwall,haspinwall54@surveymonkey.com,1981-02-13,QGZW25485445,69
186,Caresse,Durtnall,cdurtnall55@sogou.com,1967-04-13,NOLT86190245,341
187,Damiano,Trethowan,dtrethowan56@who.int,1991-12-21,JONO86065557,357
188,Oren,Hansford,ohansford57@ovh.net,2015-01-04,UEZD74950162,435
189,Scotti,Mc Caughan,smccaughan58@flickr.com,2006-03-18,WOXR53353355,243
190,Rahel,Colum,rcolum59@wsj.com,1966-09-11,FMMI01219964,69
191,Martie,Uzzell,muzzell5a@theglobeandmail.com,1999-12-17,FQIW94371971,361
192,Hatty,Schonfelder,hschonfelder5b@who.int,2011-11-22,GKIB77038965,453
193,Josh,Gepp,jgepp5c@bing.com,1952-07-27,BRGE61054238,79
194,Gav,Solley,gsolley5d@163.com,1974-11-21,QEJO29215699,108
195,Lem,Heinzel,lheinzel5e@odnoklassniki.ru,1960-05-10,NTQM64612029,32
196,Lee,Hannigan,lhannigan5f@dailymotion.com,1972-10-10,YIUV19668156,149
197,Kassandra,Gingedale,kgingedale5g@linkedin.com,2011-03-22,JWBS69068437,368
198,Julina,Ferrai,jferrai5h@cocolog-nifty.com,1980-08-15,SYLQ80999526,426
199,Bryce,Clooney,bclooney5i@theglobeandmail.com,1955-06-23,JAJG15322422,77
200,Jacquie,Glascott,jglascott5j@constantcontact.com,1964-04-04,MYAY08953093,310
201,Ursala,Dozdill,udozdill5k@ow.ly,2021-06-14,TVJI50198213,377
202,Delly,Daykin,ddaykin5l@unesco.org,1971-02-15,GCNP65728643,64
203,Aila,Persicke,apersicke5m@usgs.gov,1986-04-15,HYVV67568133,498
204,Coreen,Stille,cstille5n@ning.com,2007-08-08,UPKA19785717,43
205,Fredrick,Simenon,fsimenon5o@surveymonkey.com,2005-07-03,EQKP20514902,308
206,Gwenni,Reitenbach,greitenbach5p@feedburner.com,1995-12-07,YYEO78398136,64
207,Falkner,Klammt,fklammt5q@baidu.com,2002-10-09,OYUP67490838,368
208,Adey,Nicholl,anicholl5r@comcast.net,2014-03-03,HKXI34475905,396
209,Steffen,Reveley,sreveley5s@usda.gov,1984-04-24,NZVP71056610,250
210,Marilee,Schwandermann,mschwandermann5t@tmall.com,1951-07-31,SSOU66411343,185
211,Carrol,Teaser,cteaser5u@abc.net.au,1957-10-13,VFMS85610131,143
212,Harold,Murrum,hmurrum5v@cafepress.com,1999-09-26,BKUS57279695,257
213,Adelina,Kennewell,akennewell5w@wisc.edu,2018-11-19,JWCJ60035962,243
214,Yanaton,Raynham,yraynham5x@fda.gov,1984-04-06,IPZM39077803,148
215,Mattias,Pirot,mpirot5y@google.ca,2022-02-06,PQJM65965068,311
216,Edythe,Barringer,ebarringer5z@over-blog.com,2004-08-08,BVXX65180365,403
217,Francene,Dunklee,fdunklee60@zimbio.com,2017-01-16,RWBJ93441422,376
218,Ericha,Ricks,ericks61@adobe.com,1985-05-15,MPUZ92225445,304
219,Valida,Jeffers,vjeffers62@themeforest.net,1997-07-05,VBSF44059909,139
220,Ray,Lyddiard,rlyddiard63@eepurl.com,1952-01-02,FCDK53562870,375
221,Milzie,Wheway,mwheway64@wsj.com,1959-02-13,TKHH90213051,156
222,Derby,Rudolph,drudolph65@mediafire.com,1993-03-20,LWPS94974439,213
223,Farrel,Grzegorczyk,fgrzegorczyk66@lycos.com,1964-09-11,LZYJ87750632,304
224,Vidovik,Cairney,vcairney67@theglobeandmail.com,1961-02-06,TGBV37353364,134
225,Cristian,Chanter,cchanter68@tiny.cc,1987-03-11,CDUT43915770,84
226,Man,Grishenkov,mgrishenkov69@japanpost.jp,1969-06-07,PQVW51074540,203
227,Mada,Haffard,mhaffard6a@webmd.com,1969-07-30,DNRR36486846,118
228,Ron,Ostler,rostler6b@mit.edu,2004-10-10,ZGLD38257112,329
229,Marget,Kondratovich,mkondratovich6c@indiatimes.com,2002-12-25,ASZG02100510,382
230,Milzie,Roarty,mroarty6d@example.com,1990-10-27,MKYE96766251,8
231,Rennie,Titchener,rtitchener6e@seattletimes.com,1982-10-20,SXPA17878264,443
232,Bunni,Baudts,bbaudts6f@unicef.org,1956-04-13,NZMO16233706,304
233,Tommy,Zohrer,tzohrer6g@auda.org.au,1954-11-10,IRBQ63716288,310
234,Eli,Cadney,ecadney6h@liveinternet.ru,1990-06-12,ZJEA74634353,26
235,Freda,Halwill,fhalwill6i@vinaora.com,1961-12-30,ZUMC55836342,167
236,Sullivan,Spavon,sspavon6j@sbwire.com,1973-05-29,GUUN08845189,490
237,Andi,Coggon,acoggon6k@hexun.com,1995-07-09,FPOQ23373079,95
238,Gayelord,Graeser,ggraeser6l@wordpress.com,2005-07-30,YTWN19507855,359
239,Nappie,Chelley,nchelley6m@google.es,1994-12-31,WFRJ57557842,105
240,Fredrick,Brooksbie,fbrooksbie6n@friendfeed.com,2014-09-25,LKSR18498757,262
241,Martelle,Yearns,myearns6o@123-reg.co.uk,2006-10-01,CGET34246915,79
242,Edmon,Bateman,ebateman6p@tamu.edu,1964-10-11,LGMU71285427,354
243,Trixie,Mintoff,tmintoff6q@edublogs.org,1976-06-25,QAUX24736967,424
244,Ranee,Godart,rgodart6r@ocn.ne.jp,1973-06-06,VJTJ11995237,191
245,Kylie,Showl,kshowl6s@webnode.com,2001-05-02,KRNZ26236081,127
246,Virgie,Cristoforetti,vcristoforetti6t@timesonline.co.uk,1955-12-04,CYVQ19888241,336
247,Correna,Uridge,curidge6u@cam.ac.uk,2002-09-18,BUQT41206429,117
248,Bernadene,Littley,blittley6v@so-net.ne.jp,2002-06-26,EPYC40602771,117
249,Mil,Abbyss,mabbyss6w@sfgate.com,2003-03-08,WMRI30164226,115
250,Jerad,Pearmine,jpearmine6x@cdc.gov,1967-10-24,MACJ07658256,142
