id,email,password,first_name,last_name,gender,phone_number,birth_date,exercise_number,avatar_image_link,address_ID
1,cturfus0@blogspot.com,$2a$04$TqhbUNE0kZAXskA0ec3tTuhHDRP6TebPW7SC.jGJbnMEj/eF3hf3O,Carola,Turfus,Polygender,915-476-6742,1971-11-01,3847571542,https://robohash.org/quaeratliberofugit.png?size=50x50&set=set1,218
2,vmckennan1@house.gov,$2a$04$BqxQrguF28UKsikqctv2t.8XmhWq6Oe19IOBuMluUOXkNOrfP/a2K,Vinson,McKennan,Male,917-116-3779,1998-11-22,1517693585,https://robohash.org/enimquiillum.png?size=50x50&set=set1,454
3,ttunno2@last.fm,$2a$04$uVRi29RRGB0z.EEB0KEA2uuRX9fxQFJOxFOqHwvcLs70lzfHsAy8W,Terza,Tunno,Female,239-260-2931,1987-01-01,8146792604,https://robohash.org/etquaeaut.png?size=50x50&set=set1,61
4,fellissen3@ustream.tv,$2a$04$VJKPAd0i6LQCSfEn7K6oIuYp1YCOytbkK/cAZWPRJFaxRJEwXzUBy,Fionna,Ellissen,Female,194-946-2213,1951-02-27,9250908821,https://robohash.org/nihiletdolore.png?size=50x50&set=set1,168
5,ceuplate4@icq.com,$2a$04$hoqNcDknLhClNpSXLA44UOVNuGJpWJrloHFIrqXVxeDqAlqK2/p6O,Chev,Euplate,Male,907-983-4634,1984-10-14,8326519693,https://robohash.org/fuganemodelectus.png?size=50x50&set=set1,441
6,shadlow5@webmd.com,$2a$04$9z0l7nbrlicE19RSGBpqpuwf5ZPxf.X4vFD.RaeUYfIJHZJDgKyO.,Sherilyn,Hadlow,Female,864-446-3784,1978-06-16,4555390833,https://robohash.org/fugiatautquisquam.png?size=50x50&set=set1,219
7,showerd6@mayoclinic.com,$2a$04$S6mj0qquMZBu4Tm5vRPOFe52l2r3yG/N3hqgJqkjkwe2gM9sW25fC,Sarajane,Howerd,Female,281-666-2432,1959-11-10,3959297546,https://robohash.org/autemvelitblanditiis.png?size=50x50&set=set1,180
8,zmulrenan7@constantcontact.com,$2a$04$5AtmNS0iyGnEytJ.G8bBJumIOb.fxwiHp9/kuQEwFrH9ZNMyTIIrG,Zara,Mulrenan,Female,845-645-8372,1963-07-07,2638901401,https://robohash.org/evenietquiacorrupti.png?size=50x50&set=set1,410
9,eyeliashev8@twitter.com,$2a$04$RrYDJ8eDBjOIgtpZOl8AMOGATHxCJ9gGIgZ6MXjg2H1tVeX2hMCRa,Edlin,Yeliashev,Male,706-991-3024,1980-08-13,7644613837,https://robohash.org/nesciuntveritatisvoluptas.png?size=50x50&set=set1,500
10,lpococke9@dedecms.com,$2a$04$0mdlAV4OCejOllGucmqoKuCRQ6R7DDrEPAeTE6eLA/zs5IORZa77G,Lilah,Pococke,Female,942-172-5999,1962-04-19,3941548439,https://robohash.org/doloremdictarepellendus.png?size=50x50&set=set1,201
11,jelloya@addthis.com,$2a$04$7VmgWykR5RyfQ.Ds74hKXeyadu4iECvcDvNA0ewE0JNQK13Sf7k4.,Jorrie,Elloy,Female,335-443-5428,1970-01-28,9412150349,https://robohash.org/errornemoanimi.png?size=50x50&set=set1,232
12,bfeldmanb@t-online.de,$2a$04$vG.44jgf6FjkwuiY5U7/v.ZFnENU6.LqvJRI0q/xDLKCMt8NlIgIe,Barn,Feldman,Male,159-683-1353,1973-04-18,7001015278,https://robohash.org/repellendusquaeea.png?size=50x50&set=set1,139
13,gminghic@cbc.ca,$2a$04$.GwBySey3CdMJDNg7d5ngunMCCEmCJlfdeGm.KtsR23Kzr/FxDDqu,Garry,Minghi,Male,220-108-8658,1985-07-19,7324080273,https://robohash.org/sapientevoluptatemanimi.png?size=50x50&set=set1,370
14,rtolerd@jimdo.com,$2a$04$hWnemmSSZBzLdC2CglEKsuZfP9cAoW6tzZ1SyPBFY08UWc7.VrCNG,Randal,Toler,Male,709-193-9663,1962-04-16,4543790958,https://robohash.org/voluptassedeius.png?size=50x50&set=set1,122
15,mleitchee@domainmarket.com,$2a$04$V2.Aoq9S9Fi3Bx0CTa0haOi5Rbyc2gZz0XlmZGoYVlOY84AN6fDA.,Maggi,Leitche,Female,996-940-0254,1977-02-23,5558980420,https://robohash.org/voluptasnihilet.png?size=50x50&set=set1,14
16,zsimanf@nifty.com,$2a$04$FY5w41v1U2dV9Z6JnmTwjeSPkc7.vpZuNtU7A5oVy47yfqesqCmIa,Zechariah,Siman,Male,724-136-3341,1990-07-17,7369450214,https://robohash.org/molestiaedolorsit.png?size=50x50&set=set1,154
17,krappaportg@apache.org,$2a$04$ih3Lo3.Rl9KoHz9cWnOGXeQvrHnplw3IZjJkUdjis9xcnxij38jfe,Kelley,Rappaport,Female,304-714-5305,1954-05-02,9274566929,https://robohash.org/veniamrerumlaudantium.png?size=50x50&set=set1,175
18,ggooderridgeh@time.com,$2a$04$h424tJPFiLJq/nom5ipS6uiQkQqlRUIg38fyCtoVjWO0RyXCiUj7q,Gipsy,Gooderridge,Female,289-980-6884,1964-04-14,9025770435,https://robohash.org/consequaturdebitissint.png?size=50x50&set=set1,411
19,cadkini@apache.org,$2a$04$Z8B8stUrzePx7r60zDL2xOy00OpkrZ/2eMtGr3Vw/JvnYlqK8omQu,Creighton,Adkin,Male,609-498-4760,1962-09-24,3902681215,https://robohash.org/optioimpeditdolore.png?size=50x50&set=set1,359
20,greamsj@nature.com,$2a$04$zjA38t.GzrPKF2lzAIPDqOSmT4Peg7luO5gETqY.NAnMgeqEarwBq,Gayle,Reams,Female,595-333-5744,1961-07-09,7346778927,https://robohash.org/laudantiumvelanimi.png?size=50x50&set=set1,113
21,mpalserk@twitpic.com,$2a$04$ilfuv7nY9Ls9g7TGz6XOVOi21n7iZeHhZ4Ew5BqzftYk1CaJ4yDKi,Monty,Palser,Male,446-694-7053,1969-01-26,6945039776,https://robohash.org/quisetnihil.png?size=50x50&set=set1,145
22,ryerburyl@seattletimes.com,$2a$04$dcrgzdujUyku85ryi9tUmeFwow29did2kkgtOJBqUdqQjebf/EzyO,Rachele,Yerbury,Female,952-902-2979,1960-09-30,7071350053,https://robohash.org/laboriosamnecessitatibusin.png?size=50x50&set=set1,70
23,shulcoopm@loc.gov,$2a$04$NXFDNDqrHDkkNuMq.hN6gezZH8GQarYW1zpt3KjLtYbW3GOiKjYGO,Shay,Hulcoop,Male,466-963-3918,1994-12-24,9425489074,https://robohash.org/ipsumtemporasit.png?size=50x50&set=set1,274
24,kvoasn@furl.net,$2a$04$kaAgpBQ48N.u9cNJXkG1k.I65JTekIRvajxEbdm2xb8Url.n0mV/u,Kristel,Voas,Female,986-976-5487,1980-05-21,1622337483,https://robohash.org/molestiaequossimilique.png?size=50x50&set=set1,9
25,groycrafto@nhs.uk,$2a$04$upb7X0hBNdoci07r7TqHwOxockKtQymM5Ad94VN1mAbPAI9wWKhqO,Georges,Roycraft,Male,135-628-6023,1973-02-15,0569259835,https://robohash.org/consequaturdoloremqui.png?size=50x50&set=set1,271
26,vjantonp@hibu.com,$2a$04$BjPGtrAOhmhJzzVYuZ2Tb.8V1yEc/mgxbnptnab.x9rE1dbtS1h0C,Vinny,Janton,Male,847-327-4411,1951-09-01,5236797325,https://robohash.org/omnisquieos.png?size=50x50&set=set1,128
27,scheckleyq@businessweek.com,$2a$04$yRD8.wT4Z7VCQwvxKX2psOZFZBNDwkSAR3bXURzPGX1bezISQeQ8i,Sallyanne,Checkley,Female,810-340-3089,1985-07-17,9289555853,https://robohash.org/mollitiaducimusreprehenderit.png?size=50x50&set=set1,165
28,jdovydenasr@walmart.com,$2a$04$IsFDSl.Llqrnq3JlskPEqu01KQbY87ddDEsO.Ez/AobftDz0QKHhS,Jobye,Dovydenas,Female,621-622-9280,1993-05-08,6331071579,https://robohash.org/culpaetodit.png?size=50x50&set=set1,58
29,lcroutears@wordpress.org,$2a$04$eT7UL/FCCfCadLBQEhTyROrjss0C1WcPr0TNHcewB/KNote5dEulm,Luis,Croutear,Male,210-565-3030,1997-11-12,5633054225,https://robohash.org/estprovidenttemporibus.png?size=50x50&set=set1,412
30,mcamillerit@apache.org,$2a$04$6uKZd0M7gjsTF6NjiLOCo.2m341U33GMqTra0FFO7BKzxU73KCBA2,Man,Camilleri,Male,429-562-7277,1956-06-26,2118567965,https://robohash.org/delectusnequedistinctio.png?size=50x50&set=set1,254
31,ewallbanksu@youku.com,$2a$04$N6lPerrD2HVTb8kB0RytROl4fK74kJX7Zj0I8hGCFc9W2If/uyffa,Emilie,Wallbanks,Female,600-314-3776,1986-04-02,6563531517,https://robohash.org/nonestrerum.png?size=50x50&set=set1,4
32,jgennerichv@ucsd.edu,$2a$04$e8g88OIV2oZ8HFIQjlFfnOjvBz2s4xLkfOcIYg8fBwRy7RIVmMWJm,Jessa,Gennerich,Female,128-512-1483,1972-11-11,7829616459,https://robohash.org/etofficiaaperiam.png?size=50x50&set=set1,146
33,amuscottw@fda.gov,$2a$04$qr5RpXXPhBA5qtJogt0jz.x8ksOucNhIdsIQOkSKxrCODCBOS13zC,Astra,Muscott,Female,641-468-9446,1969-03-01,9785960864,https://robohash.org/sitinciduntsequi.png?size=50x50&set=set1,35
34,mkersleyx@slate.com,$2a$04$FF3nGDAUEB2t04ksqoFZBenojxOR34nWtxJuzU/LVzemc3DkMrjKe,Melvin,Kersley,Male,592-482-8146,1960-11-05,3252001459,https://robohash.org/totamnemoaliquam.png?size=50x50&set=set1,287
35,aboardery@weibo.com,$2a$04$cO6dYdTsSIAip5siBkQa3.HfvAZjaQf0G7pQMjcgmnusqijMZ0YeW,Alaric,Boarder,Male,503-343-7627,1984-07-17,9068248187,https://robohash.org/quibusdamquossunt.png?size=50x50&set=set1,249
36,ggodneyz@dmoz.org,$2a$04$3gWZJbGnyla5bFAyPq2P7OtDuLuFzlIe6snMKR1MRTvjk9rDQy8mi,Gannon,Godney,Male,454-611-7698,1971-09-10,5940440050,https://robohash.org/pariaturametblanditiis.png?size=50x50&set=set1,473
37,jclemendet10@indiatimes.com,$2a$04$iU4ky/WJIH.8kmICNoHLQu/kQh3lXlYVKxRJLfyxggSUVcM.h0P5G,Joshua,Clemendet,Male,458-913-4229,1998-02-02,0038778748,https://robohash.org/etlaboreiusto.png?size=50x50&set=set1,103
38,dmusk11@reuters.com,$2a$04$AAzFIvizH8LYYrAuomJ6ruYJeFtpQJcOftJUuiKKCf14fmki4o3uu,Duncan,Musk,Male,145-437-1051,1955-01-10,4147749870,https://robohash.org/quaeundenihil.png?size=50x50&set=set1,436
39,fmatzaitis12@sun.com,$2a$04$p.ZhrCFFIUuPkt..h9UZMuEQIwv8JS9vvYrrS/q5I9WelDOE5hnRC,Frances,Matzaitis,Genderqueer,526-626-1178,1977-11-09,5123172964,https://robohash.org/sedaccusantiumqui.png?size=50x50&set=set1,489
40,lboake13@e-recht24.de,$2a$04$6aFllTsYhwDjGJdB6YFZ8.FBGlT1CIJD4pDZXA7La35L6tRnvudt6,Lorrie,Boake,Female,601-593-1133,1955-01-18,2265652358,https://robohash.org/eanostrumet.png?size=50x50&set=set1,20
41,smahaddie14@samsung.com,$2a$04$lkQ3JVXG9PSaWP0/9s4WqelF27AzdCjLKR/RFzUobSO/QZfecxZlu,Selena,Mahaddie,Female,194-413-6727,1978-08-20,2753478881,https://robohash.org/enimautvelit.png?size=50x50&set=set1,460
42,tclipson15@cnbc.com,$2a$04$l843E2nemHkDILt72odNEOEAEfWj7CzW6xpibTD5VAm4xePdcmlBm,Tobit,Clipson,Male,150-898-7280,1980-12-08,2024939992,https://robohash.org/eligendisintdolorum.png?size=50x50&set=set1,393
43,elowndsborough16@msn.com,$2a$04$jAr0RaFjS.F3FzuX92vwheqcMSWUMpfUJO8ls6fjLHEJU4eTccLPq,Ezmeralda,Lowndsborough,Female,756-336-8262,1971-03-21,7509952860,https://robohash.org/nullavelodit.png?size=50x50&set=set1,298
44,flitchfield17@amazon.com,$2a$04$GPnfVyy.1.V0mMdQ8ZjXEecMU93hcmHoNPMQkzxqm4D9oX6prcmcq,Flo,Litchfield,Female,206-992-7488,1961-01-29,3792496712,https://robohash.org/nostrumarchitectoex.png?size=50x50&set=set1,172
45,bsabey18@prlog.org,$2a$04$6jclJRvFzjFh8DeD9FYrkOc/iUIoTMziY3LUTpe3Vl/ogja8mYME.,Brandy,Sabey,Genderqueer,698-873-5437,1996-02-08,0187958959,https://robohash.org/exhiclaboriosam.png?size=50x50&set=set1,36
46,akulis19@upenn.edu,$2a$04$OMheCY3Kts75UnMWoWka4uEm0Fejttf24YnqY5QRwj5x3s2a0mx5G,Adriaens,Kulis,Bigender,792-823-7995,1974-01-09,2098790311,https://robohash.org/voluptatemsitsequi.png?size=50x50&set=set1,1
47,scouldwell1a@epa.gov,$2a$04$3Mk7dlHxi5rP0UljSlgkY.fXykYg0kcjAeXKjuHUpGjsDpqT55g7K,Seward,Couldwell,Male,169-321-4431,1981-11-04,5093379891,https://robohash.org/aliasconsequaturut.png?size=50x50&set=set1,39
48,tlabell1b@accuweather.com,$2a$04$oW85m6GvUy7HGmY0vkpPcuRUH4eI/pFIzzMJWjRyqJL8dIhiCFErG,Teodoro,Labell,Male,425-631-2669,1990-08-28,1076387115,https://robohash.org/consequaturquiaatque.png?size=50x50&set=set1,142
49,capplebee1c@mozilla.org,$2a$04$OHW9/nuVc4TmAhywio4BteS3wJZqhzp357cnDa77prAwhSm6H9MeS,Cherey,Applebee,Female,668-817-8031,1999-08-12,8008669639,https://robohash.org/excepturivoluptatemsit.png?size=50x50&set=set1,444
50,pvilliers1d@aol.com,$2a$04$dMffV1OiSleO8qMZbV5TmuccnLNmQ3l4SGzSGfIitljiCpJnjsqFq,Pansie,Villiers,Female,488-130-4943,1956-08-07,3947344051,https://robohash.org/delectusdolorecommodi.png?size=50x50&set=set1,115
51,gredmille1e@boston.com,$2a$04$8HijB4LIUdETx4dpijkE7.z492YtetrTZmaR44sA0VBZO0TbZBX0S,Goddart,Redmille,Male,840-492-9508,1997-10-24,2024034422,https://robohash.org/eaconsequaturdebitis.png?size=50x50&set=set1,197
52,gshawel1f@howstuffworks.com,$2a$04$4NcinFvFRcsxoo4MkpN9PetaW.zfG/iYMrqaz1TxxNFcc4avdEKkW,Gay,Shawel,Female,965-353-2353,1969-09-07,6466796630,https://robohash.org/nequererumiusto.png?size=50x50&set=set1,285
53,ulabat1g@bizjournals.com,$2a$04$eCIJUNAsd8FhQ9JKaxXO7.87SiBrZ2IDMxF2CH3OfvqFPClfzPwIC,Una,Labat,Female,311-797-4719,1984-03-08,6372475403,https://robohash.org/adsequifugit.png?size=50x50&set=set1,16
54,jbryers1h@scientificamerican.com,$2a$04$g1IkRpTBChOQXff8./RtuO6cLFiCRvRVNLHO7Gix1xbPTZnv0MLaq,Jethro,Bryers,Male,536-228-8349,1952-12-21,9828066014,https://robohash.org/blanditiiseosvoluptatem.png?size=50x50&set=set1,380
55,eghioni1i@ftc.gov,$2a$04$HQt37r5Bts0OmhGl.//KtOlr2au.cGDHvobiymOlBXIu5PhFJ3zF.,Elsey,Ghioni,Female,398-767-0849,1985-05-13,0534900328,https://robohash.org/distinctiovoluptatemporro.png?size=50x50&set=set1,83
56,tbendik1j@imgur.com,$2a$04$E5FeMxOSV6IDoQLA1zO4rOvdeYR7TuJmuSbwk/4DJ59X1LNPqKIMK,Thedrick,Bendik,Male,623-970-6850,1971-06-21,5599698264,https://robohash.org/laboriosamculpaexplicabo.png?size=50x50&set=set1,492
57,bbegin1k@rediff.com,$2a$04$WQSACIc8K32iLsQup2MH3OUR095rBwbP4yA1gnFolKvMQEZeu0Oxu,Bernelle,Begin,Female,330-584-8232,1951-08-26,8107775603,https://robohash.org/excepturinemosit.png?size=50x50&set=set1,227
58,sleese1l@bloglines.com,$2a$04$eDefr2zfLMufdX87FvY1WOi8jDXm2r760mXlDM/eXiK1c493gx9a.,Sol,Leese,Agender,446-560-8950,1982-03-02,6672569135,https://robohash.org/maximeatillo.png?size=50x50&set=set1,345
59,bjohnigan1m@mit.edu,$2a$04$K2gt57Uaej6MhQ3PubgR1eSMOT4283aFC6SQrwNfttRgNcgFbDyDe,Biron,Johnigan,Male,506-374-2523,1955-05-14,6384470825,https://robohash.org/eligendidoloresitaque.png?size=50x50&set=set1,348
60,hgrumell1n@yahoo.com,$2a$04$PgJPkWiVPwWHOiEqZA239.CdzgwZFD4.26zurQpfdejSLJkEBboay,Harwell,Grumell,Male,749-442-7327,1996-08-06,8698197174,https://robohash.org/voluptatemquiid.png?size=50x50&set=set1,126
61,gmacrannell1o@networksolutions.com,$2a$04$WPTTBdjRUp/nFr0eeh7aLuFVEtKhpL5UEy.kZpR.CxocvHh/qrFSi,Grove,MacRannell,Male,902-478-6097,1988-11-30,2926930171,https://robohash.org/providentindeserunt.png?size=50x50&set=set1,464
62,bzanussii1p@wikia.com,$2a$04$uaAeHxWUE21ezfI83fG8J.bOvIDnmckwFU.cPYHyT8P47KetSgfGS,Baron,Zanussii,Male,473-245-9215,1969-03-14,0538948093,https://robohash.org/eaetvoluptas.png?size=50x50&set=set1,176
63,mcutmare1q@hp.com,$2a$04$.QEzj6YosnfoDyCc82jk4uP6ClZYVJXB0r/EbYKrE9GrZiTELcoHq,Melesa,Cutmare,Female,728-340-9031,1974-11-07,0783065238,https://robohash.org/eaquiadeserunt.png?size=50x50&set=set1,75
64,hmadgewick1r@house.gov,$2a$04$5Q4TvEHGy5H/jFIa4.8BOO3a7MSXyc3USYiQ2ffUcs9qOXwPNXUim,Haywood,Madgewick,Male,262-193-1395,1958-05-30,9779832268,https://robohash.org/eumpariaturmodi.png?size=50x50&set=set1,274
65,ogarrie1s@mediafire.com,$2a$04$6/V0ebsb9yA5KTQTbD0fGe6MJH576jFNaCTHgoy/iE6VMp46ML4na,Oswell,Garrie,Male,778-232-5399,1988-01-04,4345292162,https://robohash.org/eaducimusatque.png?size=50x50&set=set1,401
66,tlanchbury1t@list-manage.com,$2a$04$n5AdQyFLckSoLowh8/9OxuANuUaLb7KAbU4YuZtDgmOvSwM7cTqEm,Teador,Lanchbury,Male,486-548-5767,1977-06-24,2096777311,https://robohash.org/omnisquaequis.png?size=50x50&set=set1,30
67,lludovici1u@webmd.com,$2a$04$BhrCstzMqUU2ZvcXELqjFOXgWnVb9CHTIX2znCYHdEOI2QzDfXff.,Leese,Ludovici,Female,878-248-1328,1963-09-23,9051858942,https://robohash.org/atquefugiatid.png?size=50x50&set=set1,419
68,gyallowley1v@dmoz.org,$2a$04$sXuXTHmx/uhUEHHMiDcVuu0IVLgydF.q1Zheq25N/3gYDd2hRXFnq,Gladi,Yallowley,Female,884-620-6986,1957-07-22,6513207890,https://robohash.org/adrerumillum.png?size=50x50&set=set1,135
69,kmissington1w@google.com.br,$2a$04$BxWFGuklv9rbKhOm.H9Vqev0O5.QGi38SkbqoSGqtr.9jHg8OIFvS,Kevina,Missington,Female,755-253-7972,1972-10-02,4077048461,https://robohash.org/explicabosequiqui.png?size=50x50&set=set1,322
70,nchurchard1x@multiply.com,$2a$04$mfvjjbC0HYdiRuUe7vAzyec4uD5DZu.OSLQVW5TfKVyvmyh1l8Fse,Nissie,Churchard,Female,420-319-6481,1973-04-08,1723345019,https://robohash.org/minusarchitectovoluptatem.png?size=50x50&set=set1,320
71,snovacek1y@wikipedia.org,$2a$04$K4iYMlFRXRc3FQ22rr5DyegArc8xcdij/3VyORlgh9SVw49tqMA.K,Shea,Novacek,Female,164-125-3712,1977-05-17,8779912306,https://robohash.org/etvoluptatemminima.png?size=50x50&set=set1,117
72,bnolot1z@msn.com,$2a$04$Rwj7OXai3.9pKObbakEpyOnCR5M2.WaZQzaKJDYRYyneAcPGtkfcG,Brigham,Nolot,Male,299-433-7195,1960-02-27,9723397252,https://robohash.org/temporibusconsequaturnostrum.png?size=50x50&set=set1,335
73,rginn20@gizmodo.com,$2a$04$VbtLg3two1zLPs4tLEZiIOZg2rM8Uqhhj65EOoQhWjlcpiSWzSZTC,Roby,Ginn,Female,309-213-1123,1978-06-09,7258738070,https://robohash.org/necessitatibusinciduntqui.png?size=50x50&set=set1,450
74,nstetlye21@biblegateway.com,$2a$04$7XU9Ayfe4WabAU1p53Z3pOZ93pbf6oaT6Xre.HR.SYqtbDXGk6rNy,Nelly,Stetlye,Female,573-965-9740,1972-02-22,9411707346,https://robohash.org/laboreasperiorescum.png?size=50x50&set=set1,426
75,scoulter22@weebly.com,$2a$04$c8B9nBvX5uHVo9iLBprZSOnMfOt.XS5cqpxRD.FW8nyV.z9AA4C8S,Stefanie,Coulter,Female,765-490-1176,1999-10-13,1506157248,https://robohash.org/debitisetexplicabo.png?size=50x50&set=set1,252
76,scolebeck23@jiathis.com,$2a$04$b94zKQsYdjrfVB80xFnD1.WbVmL8/paZodNyZwrN6jAZPdb3RYPIO,Sandy,Colebeck,Female,329-677-2926,1970-07-08,9690821342,https://robohash.org/suntquiaducimus.png?size=50x50&set=set1,252
77,mwyrall24@hc360.com,$2a$04$wxCu5Ya/EBXHCECJ7RK5GuMEYi4bW2xy8Sz3bvrANbJIiY62L6JvS,Maxie,Wyrall,Male,195-117-3779,1991-12-15,3213382279,https://robohash.org/cupiditateminusipsa.png?size=50x50&set=set1,464
78,stabart25@cornell.edu,$2a$04$xdBX5ZGAioEy.Gq3J4LxJu37Z/TvKmOqLJJ03sTFXHu1o1qhYUsUW,Stefanie,Tabart,Female,414-924-0545,1979-04-15,8959472556,https://robohash.org/velitvoluptatumvoluptatem.png?size=50x50&set=set1,488
79,fvoisey26@mapy.cz,$2a$04$hNEX9cYLnbs.rohdCMHLfu3D8r3DD1D7btygepU/MZE61wBDr0Zdm,Frank,Voisey,Female,259-306-5952,1995-07-05,7376250952,https://robohash.org/doloremquisaperiam.png?size=50x50&set=set1,468
80,hlaurenz27@imageshack.us,$2a$04$zq1/u.Z8A8BkpSuz6Juc6uGq2NYOTOCMcJPPM1.ar/mSd94yB1BTG,Hogan,Laurenz,Male,555-589-2936,1973-05-15,6313853174,https://robohash.org/quiaeaeligendi.png?size=50x50&set=set1,94
81,vbolens28@psu.edu,$2a$04$mqCeMkYVL06oW8sJLC6hrufokmmN23TraWtDzLC/Iq8DZLYwBVCFG,Vinnie,Bolens,Female,885-398-5251,1953-09-07,8386573121,https://robohash.org/harummodilibero.png?size=50x50&set=set1,425
82,ffairhead29@shinystat.com,$2a$04$BqIeMGVg7BwRo3DQmHEmjuQTi6BZzd9H3RNir/L3FU6uxGObs/X2a,Fifine,Fairhead,Female,268-482-2823,1957-02-14,0829512730,https://robohash.org/etlaborumconsectetur.png?size=50x50&set=set1,467
83,sspurgeon2a@domainmarket.com,$2a$04$KR5Ks.xgI.9DQY5ZYPUlEOqYZy3amALqv.hREFg.PIBLrqCEKW71q,Sonnnie,Spurgeon,Female,666-475-2411,1962-03-14,0423114214,https://robohash.org/nequeveritatisplaceat.png?size=50x50&set=set1,146
84,nglavis2b@gizmodo.com,$2a$04$Ewt8VSOw/k3CQCzsSsks0uuQGMLrCroR9RUatIl6CIpwaJL2JAB8u,Nari,Glavis,Female,166-399-8487,1977-05-14,4221322146,https://robohash.org/quoducimusfugit.png?size=50x50&set=set1,121
85,tbutchers2c@meetup.com,$2a$04$hSCxcN4gKKU0qSxtmolYsO0ZyFIpPb3kkW1WsznXr/5KntPx4C13i,Timmie,Butchers,Male,879-496-0847,1976-05-29,7791556306,https://robohash.org/estaspernaturiure.png?size=50x50&set=set1,140
86,jbullocke2d@123-reg.co.uk,$2a$04$f2BumgiA6N/KpYvrfku82OXPx6tBaqdB3bNSQ5/TWmEsC8R3CTP62,Joana,Bullocke,Female,828-691-3292,1999-11-26,3627979730,https://robohash.org/harumquoest.png?size=50x50&set=set1,146
87,kswatradge2e@illinois.edu,$2a$04$a7IXoI1VL.nAlTkas83iDO.SMI2Rxw/F.aSEfA8mdelvi0quNGCWu,Kellen,Swatradge,Female,811-467-4222,1982-08-21,3934804017,https://robohash.org/molestiaenemocommodi.png?size=50x50&set=set1,80
88,wwestell2f@paginegialle.it,$2a$04$ujmdhpOloJtWM3bFpbPkLuf6KfH6zsdcIsqLytTKAgl0Ad3cg2Fe.,Wildon,Westell,Male,432-144-3628,1960-07-18,6360299949,https://robohash.org/estfacerealiquam.png?size=50x50&set=set1,206
89,lbasnall2g@earthlink.net,$2a$04$xVyEFPyE0PUzxnzXuHbupeaFjdc4pLB.Tmkta9tqot7hvWtOwL2V6,Liv,Basnall,Female,857-795-1737,1998-04-11,9754019277,https://robohash.org/quiaexcepturidoloremque.png?size=50x50&set=set1,146
90,mdrennan2h@furl.net,$2a$04$vw6OS2EqBk4QRlxBY.OJyu2SJqAWnYWG3QVsWrYrOXVhk6yj8AFsS,Merrilee,Drennan,Female,372-141-1179,1976-12-20,2570769534,https://robohash.org/suntcorruptiqui.png?size=50x50&set=set1,2
91,rbritcher2i@utexas.edu,$2a$04$NITSoeOCN/qVh.Oe0iCDpuFmSH0aNfX/FO9hwpdXs6VPv9/igUdOe,Rory,Britcher,Female,216-124-8183,1974-12-09,2225644791,https://robohash.org/repudiandaeautnemo.png?size=50x50&set=set1,174
92,akirlin2j@etsy.com,$2a$04$n6J.HEpPiGI23qbS50kRDu2/diA5gR8rKJARMw12cMd4YD3kkxzbi,Alanna,Kirlin,Female,359-218-1050,1977-02-03,0030457657,https://robohash.org/placeatnatussunt.png?size=50x50&set=set1,56
93,gcustance2k@unblog.fr,$2a$04$yOXS.65PgGWXPxZNYyG/V.5WP4ZE00/yrYj8fp4HZFIl3AykShiFG,Gilberta,Custance,Female,521-421-4864,1975-10-05,3108614090,https://robohash.org/quiplaceatratione.png?size=50x50&set=set1,181
94,dflattman2l@nps.gov,$2a$04$kf8M7nas5ow7yuH0mYN6vORQWuXeYEj68BKuJ7NDn.yQ2.dn8x1sm,Devinne,Flattman,Female,420-877-7478,1990-07-13,3224355350,https://robohash.org/etfugaqui.png?size=50x50&set=set1,408
95,tgladding2m@apple.com,$2a$04$c4J7qxrkYOOgrS9QV1ftGuBzgXgKKJD0sIH/8jdDgSX55b/J3xo/y,Tony,Gladding,Female,832-212-6133,1999-08-06,5320195493,https://robohash.org/minusquimagnam.png?size=50x50&set=set1,41
96,dallder2n@vk.com,$2a$04$H4vAuTgNhuSxzpSRnjWTKu0q1eRbILNMeEiRWO7JzsDAh5WNgFYq.,Daffie,Allder,Genderfluid,129-325-3435,1955-02-03,1931405891,https://robohash.org/quivelaut.png?size=50x50&set=set1,95
97,mknowles2o@ca.gov,$2a$04$7RkvFG8vClFgmocaNpZqyuK/YcdYKs8SEGgDJUZ2vc6iIha8nMvji,Miguelita,Knowles,Agender,526-632-4149,1991-03-07,6048162727,https://robohash.org/distinctiodelectusoccaecati.png?size=50x50&set=set1,65
98,atidy2p@tinypic.com,$2a$04$/aCYAteG2SK9FjBxr5M/XOAiVC1tZ3bE5dPnmqaovb3xYnv0hWn2C,Ashley,Tidy,Agender,291-808-3780,1967-02-20,8349878572,https://robohash.org/inmaioresautem.png?size=50x50&set=set1,300
99,gshenfish2q@msn.com,$2a$04$vffsvw0UXs3aVIFMt8ear.UCrMKsT0jzDUmrRVwGcBhWHfUNsOWsm,Grantham,Shenfish,Male,981-990-0149,1990-08-07,8588969821,https://robohash.org/nostrumcumquemaiores.png?size=50x50&set=set1,290
100,jgeorgiev2r@fotki.com,$2a$04$mNVRfagGq/2Wxp5Gs1PTVuV3wcIKKmz.eCQXc02V3vlyVN1l7OBCi,Joete,Georgiev,Genderqueer,483-699-7520,1970-05-14,1875425086,https://robohash.org/nullapossimusassumenda.png?size=50x50&set=set1,336
